-- phpMyAdmin SQL Dump
-- version 4.8.3
-- https://www.phpmyadmin.net/
--
-- Hôte : localhost
-- Généré le :  jeu. 09 déc. 2021 à 07:47
-- Version du serveur :  10.3.9-MariaDB
-- Version de PHP :  7.2.9

SET SQL_MODE = "NO_AUTO_VALUE_ON_ZERO";
SET AUTOCOMMIT = 0;
START TRANSACTION;
SET time_zone = "+00:00";


/*!40101 SET @OLD_CHARACTER_SET_CLIENT=@@CHARACTER_SET_CLIENT */;
/*!40101 SET @OLD_CHARACTER_SET_RESULTS=@@CHARACTER_SET_RESULTS */;
/*!40101 SET @OLD_COLLATION_CONNECTION=@@COLLATION_CONNECTION */;
/*!40101 SET NAMES utf8mb4 */;

--
-- Base de données :  `zal3-zberteab0`
--

DELIMITER $$
--
-- Procédures
--
CREATE DEFINER=`zberteab0`@`%` PROCEDURE `ajout_actu_inv` (IN `id_anim` INT)  BEGIN
SET @intitule := (SELECT ani_intitule FROM t_animation_ani WHERE ani_id = id_anim);
SET @date_debut:= (SELECT ani_date_debut FROM t_animation_ani WHERE ani_id = id_anim);
SET @date_fin := (SELECT ani_date_fin FROM t_animation_ani WHERE ani_id = id_anim);
SET @liste_inv :=  inviter_anim1(id_anim);
INSERT INTO t_actualite_act VALUES (NULL, 'INFO', concat('L\'animation', @intitule, 'débutera le', @date_debut, 'et prendra fin', @date_fin, 'avec comme invité', @liste_inv, 'venez massivement'), curdate(), 'P', 2);
END$$

CREATE DEFINER=`zberteab0`@`%` PROCEDURE `ani_pcv` (OUT `pas` INT, OUT `cur` INT, OUT `ven` INT)  BEGIN 
SET pas := (SELECT count(ani_id) FROM t_animation_ani WHERE ani_date_fin < NOW());
SELECT count(ani_id) INTO cur FROM t_animation_ani WHERE NOW() BETWEEN ani_date_debut AND ani_date_fin;
SET ven := (SELECT count(ani_id) FROM t_animation_ani WHERE ani_date_debut > NOW());
END$$

CREATE DEFINER=`zberteab0`@`%` PROCEDURE `error_cpt_org1` ()  BEGIN
   DECLARE EXIT HANDLER
   FOR 1146
   BEGIN
      SIGNAL SQLSTATE '45000' SET
      MESSAGE_TEXT = 'L\'organisateur 1 ne peut être supprimer !';
   END;
   -- this will produce a 1146 error
	SELECT `c` FROM `temptab`;
END$$

CREATE DEFINER=`zberteab0`@`%` PROCEDURE `insert_nb_inv` ()  BEGIN 
SET @nb := (SELECT nb_inv());
SET @liste := (SELECT liste_inviter_anim());
INSERT INTO t_actualite_act VALUES(NULL, 'Les invités présent à l''évènement', CONCAT('Les invités présent à l''évènement sont au nombrre de : ', @nb, ' dont ', @liste, ' venez les voir massivement'), NOW(), 'P', 1);
END$$

CREATE DEFINER=`zberteab0`@`%` PROCEDURE `inviter_anim1` (IN `id_ani` INT, OUT `liste` VARCHAR(5000))  BEGIN
SET @liste := (SELECT GROUP_CONCAT(DISTINCT inv_nom, inv_discipline SEPARATOR "\n") 
FROM t_invite_inv JOIN tj_inv_ani USING(inv_id) JOIN t_animation_ani USING(ani_id) WHERE ani_id = id_ani);
END$$

CREATE DEFINER=`zberteab0`@`%` PROCEDURE `perso_age2` (IN `id` INT, OUT `son_age` INT)  BEGIN
  SET @an= (SELECT pfl_date_naissance FROM t_profil_pfl WHERE pfl_id = id);
  SET son_age := Age(@an);
END$$

CREATE DEFINER=`zberteab0`@`%` PROCEDURE `plage_inv` (IN `num1` INT, IN `num2` INT)  BEGIN 
SELECT inv_id, inv_nom FROM t_invite_inv LIMIT num1, num2;
END$$

CREATE DEFINER=`zberteab0`@`%` PROCEDURE `supprime_anim` (IN `id` INT)  BEGIN 
DELETE FROM tj_inv_ani WHERE ani_id = id;
DELETE FROM t_animation_ani WHERE ani_id = id;
END$$

--
-- Fonctions
--
CREATE DEFINER=`zberteab0`@`%` FUNCTION `Age` (`datenaissance` DATE) RETURNS INT(11) BEGIN
  SET @YEAR=(YEAR(CURDATE())-YEAR(datenaissance));
    IF DAY(CURDATE())<DAY(datenaissance) OR MONTH(CURDATE())<MONTH(datenaissance) THEN
        RETURN @YEAR-1;
        ELSE
        RETURN @YEAR;
    END IF;
END$$

CREATE DEFINER=`zberteab0`@`%` FUNCTION `age_org` (`born` DATE) RETURNS INT(11) BEGIN 
RETURN TIMESTAMPDIFF(YEAR, born,curdate());
END$$

CREATE DEFINER=`zberteab0`@`%` FUNCTION `hello_world` () RETURNS TEXT CHARSET utf8 BEGIN
 RETURN 'Hello World';
END$$

CREATE DEFINER=`zberteab0`@`%` FUNCTION `inviter_anim1` (`id_ani` INT) RETURNS VARCHAR(5000) CHARSET utf8 BEGIN
SET @liste := (SELECT GROUP_CONCAT(DISTINCT inv_nom, inv_discipline SEPARATOR "\n") 
FROM t_invite_inv JOIN tj_inv_ani USING(inv_id) JOIN t_animation_ani USING(ani_id) WHERE ani_id = id_ani);
RETURN @liste;
END$$

CREATE DEFINER=`zberteab0`@`%` FUNCTION `liste_inviter_anim` () RETURNS VARCHAR(5000) CHARSET utf8 BEGIN
SET @liste := (SELECT GROUP_CONCAT(DISTINCT inv_nom)  FROM t_invite_inv);
RETURN @liste;
END$$

CREATE DEFINER=`zberteab0`@`%` FUNCTION `nb_inv` () RETURNS INT(11) BEGIN 
SET @nb = (SELECT count(inv_nom) FROM t_invite_inv);
RETURN @nb;
END$$

CREATE DEFINER=`zberteab0`@`%` FUNCTION `perso_age` (`pfl_date_naissance` DATE) RETURNS INT(11) BEGIN
    RETURN (timestampdiff(YEAR, pfl_date_naissance, CURRENT_DATE()));
END$$

DELIMITER ;

-- --------------------------------------------------------

--
-- Doublure de structure pour la vue `invite`
-- (Voir ci-dessous la vue réelle)
--
CREATE TABLE `invite` (
`nombre` varchar(60)
);

-- --------------------------------------------------------

--
-- Doublure de structure pour la vue `invite_reseau`
-- (Voir ci-dessous la vue réelle)
--
CREATE TABLE `invite_reseau` (
`inv_nom` varchar(60)
,`inv_discipline` varchar(60)
,`rsl_nom` varchar(60)
,`rsl_url` varchar(200)
);

-- --------------------------------------------------------

--
-- Doublure de structure pour la vue `lieu_objet`
-- (Voir ci-dessous la vue réelle)
--
CREATE TABLE `lieu_objet` (
`lie_nom` varchar(60)
,`obt_nom` varchar(60)
,`obt_descriptif` varchar(200)
);

-- --------------------------------------------------------

--
-- Doublure de structure pour la vue `lieu_service`
-- (Voir ci-dessous la vue réelle)
--
CREATE TABLE `lieu_service` (
`lie_nom` varchar(60)
,`ser_nom` varchar(60)
,`ser_descriptif` varchar(120)
);

-- --------------------------------------------------------

--
-- Doublure de structure pour la vue `liste_profil`
-- (Voir ci-dessous la vue réelle)
--
CREATE TABLE `liste_profil` (
`NOM` varchar(60)
,`PRENOM` varchar(60)
);

-- --------------------------------------------------------

--
-- Doublure de structure pour la vue `NOM_PRENOM_ORG`
-- (Voir ci-dessous la vue réelle)
--
CREATE TABLE `NOM_PRENOM_ORG` (
`org_prenom` varchar(60)
,`org_nom` varchar(60)
);

-- --------------------------------------------------------

--
-- Doublure de structure pour la vue `pass_post`
-- (Voir ci-dessous la vue réelle)
--
CREATE TABLE `pass_post` (
`pass_id` varchar(20)
,`pst_mssg` varchar(140)
);

-- --------------------------------------------------------

--
-- Structure de la table `tj_inv_ani`
--

CREATE TABLE `tj_inv_ani` (
  `inv_id` int(11) NOT NULL,
  `ani_id` int(11) NOT NULL
) ENGINE=InnoDB DEFAULT CHARSET=utf8;

--
-- Déchargement des données de la table `tj_inv_ani`
--

INSERT INTO `tj_inv_ani` (`inv_id`, `ani_id`) VALUES
(1, 1),
(2, 1),
(3, 1),
(4, 1),
(5, 3),
(6, 4);

--
-- Déclencheurs `tj_inv_ani`
--
DELIMITER $$
CREATE TRIGGER `ajout_actu_insert_inv` AFTER INSERT ON `tj_inv_ani` FOR EACH ROW BEGIN 
CALL ajout_actu_inv(NEW.ani_id);
END
$$
DELIMITER ;

-- --------------------------------------------------------

--
-- Structure de la table `tj_inv_rsl`
--

CREATE TABLE `tj_inv_rsl` (
  `inv_id` int(11) NOT NULL,
  `rsl_id` int(11) NOT NULL
) ENGINE=InnoDB DEFAULT CHARSET=utf8;

--
-- Déchargement des données de la table `tj_inv_rsl`
--

INSERT INTO `tj_inv_rsl` (`inv_id`, `rsl_id`) VALUES
(1, 1),
(2, 3),
(2, 4),
(3, 5),
(3, 6),
(4, 7),
(4, 8),
(5, 9),
(5, 10);

-- --------------------------------------------------------

--
-- Structure de la table `t_actualite_act`
--

CREATE TABLE `t_actualite_act` (
  `act_id` int(11) NOT NULL,
  `act_intitule` varchar(60) DEFAULT NULL,
  `act_texte` varchar(300) DEFAULT NULL,
  `acte_date_de_pub` datetime DEFAULT NULL,
  `act_etat` varchar(1) DEFAULT NULL,
  `org_id` int(11) NOT NULL
) ENGINE=InnoDB DEFAULT CHARSET=utf8;

--
-- Déchargement des données de la table `t_actualite_act`
--

INSERT INTO `t_actualite_act` (`act_id`, `act_intitule`, `act_texte`, `acte_date_de_pub`, `act_etat`, `org_id`) VALUES
(1, 'Présentation', 'Notre Université à le plaisir de vous accueillir pour son bal de promo de fin d\'année, qui se déroulera sur un weekend complet. Venez vous amusez.', '2021-10-11 00:00:00', 'P', 2),
(2, 'Horaire', 'Il commencera dès le vendredi, samedi, dimanchhe 18h et prendra fin à 02h du matin.', '2021-10-11 00:00:00', 'P', 2),
(3, 'Reservation', 'Vous pouvez prendre un ticket dès à présent sur se site web, ou appeler au numéro suivant : 06XXXXXX', '2021-10-11 00:00:00', 'P', 2),
(4, 'Objet trouvé', 'Vous avez perdu quelque chose lors du bal ? Pas d\'inquiétude vous pouvez appeler le numéro suivant pour savoir si elle se trouve dans les objets trouvé.', '2021-10-11 00:00:00', 'P', 2),
(5, 'Invités', 'Les invités prévue au bal sont au nombre de 6 plus un invités surprise, aller les découvrir dans la section invités.', '2021-10-11 00:00:00', 'P', 2),
(9, 'INFO', 'L\'animationConcertdébutera le2022-07-01 12:00:00et prendra fin2022-07-02 02:00:00avec comme invitéGuimsRappeurvenez massivement', '2021-12-06 00:00:00', 'P', 2),
(11, 'INFO', 'L\'animationConcertdébutera le2022-07-01 12:00:00et prendra fin2022-07-02 02:00:00avec comme invitéGuimsRappeur\nDadjuRappeurvenez massivement', '2021-12-06 00:00:00', 'P', 2),
(13, 'INFO', 'L\'animationConcertdébutera le2022-07-01 12:00:00et prendra fin2022-07-02 02:00:00avec comme invitéGuimsRappeur\nDadjuRappeur\nMagic SystèmeZoglouvenez massivement', '2021-12-06 00:00:00', 'P', 2),
(15, 'INFO', 'L\'animationConcertdébutera le2022-07-01 12:00:00et prendra fin2022-07-02 02:00:00avec comme invitéGuimsRappeur\nDadjuRappeur\nMagic SystèmeZoglou\nClaudio CapéoChanteurvenez massivement', '2021-12-06 00:00:00', 'P', 2),
(17, 'INFO', 'L\'animationDansedébutera le2022-07-03 16:00:00et prendra fin2022-07-03 20:00:00avec comme invitéLes TwinsDanseursvenez massivement', '2021-12-06 00:00:00', 'P', 2),
(18, 'INFO', 'L\'animationHypnosedébutera le2022-07-03 22:00:00et prendra fin2022-07-03 00:00:00avec comme invitéEric AntoineMagicienvenez massivement', '2021-12-06 00:00:00', 'P', 2),
(19, 'INFO', 'L\'animationConcertdébutera le2022-07-01 12:00:00et prendra fin2022-07-02 02:00:00avec comme invitéGuimsRappeur\nDadjuRappeur\nMagic SystèmeZoglou\nClaudio CapéoChanteur\nSébastien CauetPrésentateurvenez massivement', '2021-12-06 00:00:00', 'P', 2),
(21, 'INFO', 'L\'animationDansedébutera le2022-07-03 16:00:00et prendra fin2022-07-03 20:00:00avec comme invitéLes TwinsDanseurs\nSébastien CauetPrésentateurvenez massivement', '2021-12-06 00:00:00', 'P', 2),
(22, 'INFO', 'L\'animationHypnosedébutera le2022-07-03 22:00:00et prendra fin2022-07-03 00:00:00avec comme invitéEric AntoineMagicien\nSébastien CauetPrésentateurvenez massivement', '2021-12-06 00:00:00', 'P', 2),
(23, 'INFO ANIMATION', 'ATTENTION la date de début de l\'animation Concert à été modifier, elle commencera donc à 2021-12-05 12:00:00', '2021-12-06 14:43:16', 'P', 1),
(24, 'INFO ANIMATION', 'ATTENTION la date de fin de l\'animationConcertà été modifier, elle prendra fin à2021-12-05 20:00:00', '2021-12-06 14:43:50', 'P', 1),
(28, 'Les invités présent à l\'évènement', 'Les invités présent à l\'évènement sont au nombrre de : 7 dont Guims,Dadju,Magic Système,Claudio Capéo,Les Twins,Eric Antoine,Sébastien Cauet venez les voir massivement', '2021-12-08 03:17:23', 'P', 1);

-- --------------------------------------------------------

--
-- Structure de la table `t_animation_ani`
--

CREATE TABLE `t_animation_ani` (
  `ani_id` int(11) NOT NULL,
  `ani_intitule` varchar(60) DEFAULT NULL,
  `ani_date_debut` datetime DEFAULT NULL,
  `ani_date_fin` datetime DEFAULT NULL,
  `lie_id` int(11) NOT NULL
) ENGINE=InnoDB DEFAULT CHARSET=utf8;

--
-- Déchargement des données de la table `t_animation_ani`
--

INSERT INTO `t_animation_ani` (`ani_id`, `ani_intitule`, `ani_date_debut`, `ani_date_fin`, `lie_id`) VALUES
(1, 'Concert', '2021-12-05 12:00:00', '2021-12-05 20:00:00', 1),
(3, 'Danse', '2022-07-03 16:00:00', '2022-07-03 20:00:00', 2),
(4, 'Hypnose', '2022-07-03 22:00:00', '2022-07-03 00:00:00', 2),
(5, 'Jeux', '2022-07-03 16:00:00', '2022-07-03 20:00:00', 3);

--
-- Déclencheurs `t_animation_ani`
--
DELIMITER $$
CREATE TRIGGER `insert_actu_anim` AFTER UPDATE ON `t_animation_ani` FOR EACH ROW BEGIN

IF NEW.ani_intitule != OLD.ani_intitule && NEW.ani_date_debut = OLD.ani_date_debut && NEW.ani_date_fin = OLD.ani_date_fin THEN
	INSERT INTO t_actualite_act VALUES
	(NULL, 'INFO ANIMATION', concat('L''intitulé de l''animation ', OLD.ani_intitule, ' à été changer en ', NEW.ani_intitule), NOW(), 'P', 1);
	
	
ELSEIF NEW.ani_intitule = OLD.ani_intitule && NEW.ani_date_debut != OLD.ani_date_debut && NEW.ani_date_fin = OLD.ani_date_fin THEN 
	INSERT INTO t_actualite_act VALUES
	(NULL, 'INFO ANIMATION', concat('ATTENTION la date de début de l''animation ', OLD.ani_intitule, ' à été modifier, elle commencera donc à ', NEW.ani_date_debut), NOW(), 'P', 1);
	

ELSEIF NEW.ani_intitule = OLD.ani_intitule && NEW.ani_date_debut = OLD.ani_date_debut && NEW.ani_date_fin != OLD.ani_date_fin THEN 
	INSERT INTO t_actualite_act VALUES
	(NULL, 'INFO ANIMATION', concat('ATTENTION la date de fin de l''animation', OLD.ani_intitule, 'à été modifier, elle prendra fin à', NEW.ani_date_fin), NOW(), 'P', 1);
	

ELSEIF NEW.ani_intitule != OLD.ani_intitule && NEW.ani_date_debut != OLD.ani_date_debut && NEW.ani_date_fin = OLD.ani_date_fin THEN 
	INSERT INTO t_actualite_act VALUES
	(NULL, 'MODIFICATION MAJEUR ', concat('L''intitulé de l''animation ', OLD.ani_intitule, ' à été changer en ', NEW.ani_intitule, ' ET  sa date de début ', OLD.ani_date_debut, ' à été modifier, elle commencera donc à ', NEW.ani_date_debut), NOW(), 'P', 1);


ELSEIF NEW.ani_intitule != OLD.ani_intitule && NEW.ani_date_debut = OLD.ani_date_debut && NEW.ani_date_fin != OLD.ani_date_fin THEN 
	INSERT INTO t_actualite_act VALUES
	(NULL, 'MODIFICATION MAJEUR ', concat('L''intitulé de l''animation ', OLD.ani_intitule, ' à été changer en ', NEW.ani_intitule, ' ET  sa date de fin ', OLD.ani_date_fin, ' à été modifier, elle prendra fin à ', NEW.ani_date_fin), NOW(), 'P', 1);

ELSEIF NEW.ani_intitule = OLD.ani_intitule && NEW.ani_date_debut != OLD.ani_date_debut && NEW.ani_date_fin != OLD.ani_date_fin THEN 
	INSERT INTO t_actualite_act VALUES
	(NULL, 'MODIFICATION MAJEUR ', concat('La date de début de l''animation ', OLD.ani_intitule, ' à été modifier elle debutera à ', NEW.ani_date_debut, ' et sa date de fin qui était à ', OLD.ani_date_fin, ' à été modifier, elle prendra fin à ', NEW.ani_date_fin), NOW(), 'P', 1);		

ELSEIF NEW.ani_intitule != OLD.ani_intitule && NEW.ani_date_debut != OLD.ani_date_debut && NEW.ani_date_fin != OLD.ani_date_fin THEN 
	INSERT INTO t_actualite_act VALUES
	(NULL, 'MODIFICATION MAJEUR ', concat('L''intitulé de l''animation ', OLD.ani_intitule, ' à été changer en ', NEW.ani_intitule, ', sa date de début ', OLD.ani_date_debut, ' à été modifier, elle commencera donc à ', NEW.ani_date_debut, ' et sa date de fin ',OLD.ani_date_fin, ' à été modifier, elle prendra fin à ', NEW.ani_date_fin), NOW(), 'P', 1);
	
ELSE
	DELETE FROM t_actualite_act WHERE act_date_de_pub = NOW();
END IF;	
END
$$
DELIMITER ;
DELIMITER $$
CREATE TRIGGER `modif_actu` AFTER UPDATE ON `t_animation_ani` FOR EACH ROW BEGIN
IF NEW.ani_intitule != OLD.ani_intitule THEN 
	INSERT INTO t_actualite_act VALUES (NULL, 'INFO', concat('Attention le nom de lanimation',OLD.ani_intitule,' à été changer en ',NEW.ani_intitule), CURDATE(), 'O', 2);
END IF;
END
$$
DELIMITER ;
DELIMITER $$
CREATE TRIGGER `supp_actu_anim` AFTER DELETE ON `t_animation_ani` FOR EACH ROW BEGIN
DELETE FROM t_actualite_act WHERE act_texte LIKE concat('%',OLD.ani_intitule,'%');
END
$$
DELIMITER ;

-- --------------------------------------------------------

--
-- Structure de la table `t_compte_cpt`
--

CREATE TABLE `t_compte_cpt` (
  `cpt_login` varchar(20) NOT NULL,
  `cpt_mdp` char(64) DEFAULT NULL,
  `cpt_etat` char(1) DEFAULT NULL
) ENGINE=InnoDB DEFAULT CHARSET=utf8;

--
-- Déchargement des données de la table `t_compte_cpt`
--

INSERT INTO `t_compte_cpt` (`cpt_login`, `cpt_mdp`, `cpt_etat`) VALUES
('CC', 'c3fdc888a483bbc459c2fee89b522f9625cbbf06bddbf8f0ca4ae24ab144d2e9', 'I'),
('Dadju', 'c3fdc888a483bbc459c2fee89b522f9625cbbf06bddbf8f0ca4ae24ab144d2e9', 'I'),
('EA', 'c3fdc888a483bbc459c2fee89b522f9625cbbf06bddbf8f0ca4ae24ab144d2e9', 'I'),
('Guims', 'c3fdc888a483bbc459c2fee89b522f9625cbbf06bddbf8f0ca4ae24ab144d2e9', 'I'),
('MS', 'c3fdc888a483bbc459c2fee89b522f9625cbbf06bddbf8f0ca4ae24ab144d2e9', 'I'),
('organisateur', '1dbd71caf35136745a51a45bbb945595611c158bb6fabaeae310d7238b5f1b57', 'O'),
('organisateur2', 'c3fdc888a483bbc459c2fee89b522f9625cbbf06bddbf8f0ca4ae24ab144d2e9', 'O'),
('Twins', 'c3fdc888a483bbc459c2fee89b522f9625cbbf06bddbf8f0ca4ae24ab144d2e9', 'I'),
('Witty Crew', 'c3fdc888a483bbc459c2fee89b522f9625cbbf06bddbf8f0ca4ae24ab144d2e9', 'I');

--
-- Déclencheurs `t_compte_cpt`
--
DELIMITER $$
CREATE TRIGGER `bloc_supp_cpt1` BEFORE DELETE ON `t_compte_cpt` FOR EACH ROW BEGIN  
IF OLD.cpt_login LIKE('organisateurs') AND OLD.cpt_etat LIKE('O') THEN 
CALL error_cpt_org1();
END IF;
END
$$
DELIMITER ;

-- --------------------------------------------------------

--
-- Structure de la table `t_compte_cptabd`
--

CREATE TABLE `t_compte_cptabd` (
  `pfl_id` int(11) NOT NULL,
  `cpt_pseudo` varchar(60) NOT NULL,
  `cpt_mot_de_passe` char(32) NOT NULL
) ENGINE=InnoDB DEFAULT CHARSET=utf8mb4;

--
-- Déchargement des données de la table `t_compte_cptabd`
--

INSERT INTO `t_compte_cptabd` (`pfl_id`, `cpt_pseudo`, `cpt_mot_de_passe`) VALUES
(1, 'mdurand', 'mauvais'),
(2, 'vmarc', 'vmarc1234');

--
-- Déclencheurs `t_compte_cptabd`
--
DELIMITER $$
CREATE TRIGGER `misajour_update` AFTER UPDATE ON `t_compte_cptabd` FOR EACH ROW BEGIN UPDATE t_profil_pfl SET pfl_date = CURDATE( ) 
WHERE pfl_id = NEW.pfl_id; 
END
$$
DELIMITER ;

-- --------------------------------------------------------

--
-- Structure de la table `t_invite_inv`
--

CREATE TABLE `t_invite_inv` (
  `inv_id` int(11) NOT NULL,
  `inv_nom` varchar(60) DEFAULT NULL,
  `inv_discipline` varchar(60) DEFAULT NULL,
  `inv_presentation` varchar(200) DEFAULT NULL,
  `inv_biographie` varchar(300) DEFAULT NULL,
  `inv_photo` varchar(200) DEFAULT NULL,
  `cpt_login` varchar(60) NOT NULL
) ENGINE=InnoDB DEFAULT CHARSET=utf8;

--
-- Déchargement des données de la table `t_invite_inv`
--

INSERT INTO `t_invite_inv` (`inv_id`, `inv_nom`, `inv_discipline`, `inv_presentation`, `inv_biographie`, `inv_photo`, `cpt_login`) VALUES
(1, 'Guims', 'Rappeur', 'Gims, de son vrai nom Gandhi Djuna, né le 6 mai 1986 à Kinshasa, est un auteur-compositeur-interprète et rappeur.', 'Issue d\'une famille musiciens.Il arrive en France à l\'âge de 2 ans. A suivi des études de graphisme/communication', 'documents/1633965891maitre-gims.jpg', 'Guims'),
(2, 'Dadju', 'Rappeur', 'Dadju, de son nom complet Djuna Nsungula1, né le 2 mai 1991 à Bobigny, est un auteur-compositeur-interprète français.', 'Issu de parents d’origine congolaise. Il fait partie d\'une fratrie de 14 enfants, dont certains sont également chanteurs', 'documents/1633965855dadju.jpg', 'Dadju'),
(3, 'Magic Système', 'Zoglou', 'Magic System est un groupe de musique ivoirien de genre zouglou. Célèbre pour être interprète de chansons à thème festif', 'Chanteurs Ivoirien, le groupe comptait plus de cinquantaine membres.Les membres actuels : Asalfo, Goudé, Tino et Manadja', 'documents/1633965823magicsysteme.jpg', 'MS'),
(4, 'Claudio Capéo', 'Chanteur', 'Claudio Ruccolo1 dit Claudio Capéo, né le 10 janvier 1985 à Mulhouse, est un chanteur et accordéoniste français', 'Claudio Capéo est d\'origine italienne.  Il apprend l\'accordéon dès l\'âge de six ans, À 16 ans il rejoint un groupe de metal qui s\'essouffle quelque temps après. En 2008 il crée le groupe Claudio Capéo avec lequelle il sort deux albums...', 'documents/1633965773claudio-capeo.jpg', 'CC'),
(5, 'Les Twins', 'Danseurs', 'Les Twins sont un duo de danseurs-chorégraphes, chanteurs, acteurs et mannequins français, composé de Larry Bourgeois, alias Ca Blaze, et Laurent Bourgeois, alias Lil Beast.', 'Nés à Sarcelles, dans la banlieue nord de Paris, le 6 décembre 1988, dans une famille de neuf frères et sœurs, et d\'ascendance guadeloupéenne2, ils intègrent le groupe Criminalz crew créé à l\'idée d\'un groupe d\'amis et danseurs originaire de la banlieue parisienne.', 'documents/1633965734twins.jpg', 'Twins'),
(6, 'Eric Antoine', 'Magicien', 'Éric Antoine, né le 23 septembre 1976 à Enghien-les-Bains (Val-d\'Oise), est un magicien-humoriste d\'un nouveau genre, « humourillusioniste »1, et metteur en scène de théâtre2 français.', 'Éric Antoine est l\'aîné des trois enfants d\'un père entrepreneur et d\'une mère psychothérapeute d\'origine italienne. Cet admirateur de Woody Allen s\'inspire notamment de l\'humour juif. Durant son adolescence, il souffre d\'une crise de croissance. Souvent alité, il se passionne alors pour la magie.', 'documents/1633965672eric-antoine.jpg', 'EA');

--
-- Déclencheurs `t_invite_inv`
--
DELIMITER $$
CREATE TRIGGER `ajout_inv_act` AFTER INSERT ON `t_invite_inv` FOR EACH ROW BEGIN 
SET @nb := (SELECT count(act_id)  FROM t_actualite_act WHERE act_intitule LIKE ('Les invités présent à l''évènement'));
IF @nb := 0 THEN 
CALL insert_nb_inv();
ELSE 
DELETE FROM t_actualite_act WHERE act_intitule LIKE ('Les invités présent à l''évènement');
CALL insert_nb_inv();
END IF;
END
$$
DELIMITER ;

-- --------------------------------------------------------

--
-- Doublure de structure pour la vue `t_invit_nbpass`
-- (Voir ci-dessous la vue réelle)
--
CREATE TABLE `t_invit_nbpass` (
`inv_nom` varchar(60)
,`count(pass_id)` bigint(21)
);

-- --------------------------------------------------------

--
-- Structure de la table `t_lieu_lie`
--

CREATE TABLE `t_lieu_lie` (
  `lie_id` int(11) NOT NULL,
  `lie_nom` varchar(60) DEFAULT NULL,
  `lie_entree` char(1) DEFAULT NULL
) ENGINE=InnoDB DEFAULT CHARSET=utf8;

--
-- Déchargement des données de la table `t_lieu_lie`
--

INSERT INTO `t_lieu_lie` (`lie_id`, `lie_nom`, `lie_entree`) VALUES
(1, 'Terrain de Foot', 'G'),
(2, 'Gymnase', 'P'),
(3, 'Salle de jeux', 'P');

-- --------------------------------------------------------

--
-- Structure de la table `t_objet_trouve_obt`
--

CREATE TABLE `t_objet_trouve_obt` (
  `obt_id` int(11) NOT NULL,
  `obt_nom` varchar(60) DEFAULT NULL,
  `obt_descriptif` varchar(200) DEFAULT NULL,
  `lie_id` int(11) NOT NULL,
  `par_id` int(11) DEFAULT NULL
) ENGINE=InnoDB DEFAULT CHARSET=utf8;

--
-- Déchargement des données de la table `t_objet_trouve_obt`
--

INSERT INTO `t_objet_trouve_obt` (`obt_id`, `obt_nom`, `obt_descriptif`, `lie_id`, `par_id`) VALUES
(1, 'Sac à dos', 'Un sac à dos de couleur noir marque adidas', 1, NULL),
(2, 'Collier', 'Collier de couleur or', 1, NULL),
(3, 'Blouson', 'Blouson noir en cuire marque Dainese', 1, NULL),
(4, 'Sac à dos', 'Un sac à dos de couleur bleu marque nike', 1, NULL),
(5, 'Appareil photo', 'Appareil photo canon', 2, NULL),
(6, 'Téléphone', 'Téléphone portable marque samsung', 2, NULL),
(7, 'Ordinateur', 'Ordinateur portable marque Asus', 2, NULL),
(8, 'Sac à dos', 'Un sac à dos de couleur rose marque hp', 2, NULL);

--
-- Déclencheurs `t_objet_trouve_obt`
--
DELIMITER $$
CREATE TRIGGER `insert_objet_act` AFTER INSERT ON `t_objet_trouve_obt` FOR EACH ROW BEGIN 
INSERT INTO t_actualite_act VALUES 
(NULL, concat('OBJECT TROUVER N°', NEW.obt_id), concat('L''objet  ', NEW.obt_nom, ' à été trouver avec la description suivante : ', NEW.obt_descriptif, ' pour le récupérer veiller contacter le service des objets trouvés.'), NOW(), 'P', 1);
END
$$
DELIMITER ;
DELIMITER $$
CREATE TRIGGER `recup_obt_part` AFTER UPDATE ON `t_objet_trouve_obt` FOR EACH ROW BEGIN
IF NEW.par_id NOT LIKE('NULL') THEN 
DELETE FROM t_actualite_act WHERE act_intitule LIKE concat('%',OLD.obt_id, '%');
END IF;
END
$$
DELIMITER ;
DELIMITER $$
CREATE TRIGGER `supp_act_obt` AFTER DELETE ON `t_objet_trouve_obt` FOR EACH ROW BEGIN 
DELETE FROM t_actualite_act WHERE act_intitule LIKE concat('%',OLD.obt_id, '%');
END
$$
DELIMITER ;

-- --------------------------------------------------------

--
-- Structure de la table `t_organisateur_org`
--

CREATE TABLE `t_organisateur_org` (
  `org_id` int(11) NOT NULL,
  `org_nom` varchar(60) DEFAULT NULL,
  `org_prenom` varchar(60) DEFAULT NULL,
  `org_email` varchar(100) DEFAULT NULL,
  `cpt_login` varchar(60) NOT NULL
) ENGINE=InnoDB DEFAULT CHARSET=utf8;

--
-- Déchargement des données de la table `t_organisateur_org`
--

INSERT INTO `t_organisateur_org` (`org_id`, `org_nom`, `org_prenom`, `org_email`, `cpt_login`) VALUES
(1, 'Marc', 'Valérie', 'vm@univ-brest.fr', 'organisateur'),
(2, 'Berte', 'Abdoulaye', 'ab@etudiant-univ-brest.fr', 'organisateur2');

-- --------------------------------------------------------

--
-- Structure de la table `t_participant_par`
--

CREATE TABLE `t_participant_par` (
  `par_id` int(11) NOT NULL,
  `par_chainecar` varchar(60) DEFAULT NULL,
  `par_typepass` varchar(60) DEFAULT NULL,
  `par_nom` varchar(60) DEFAULT NULL,
  `par_prenom` varchar(60) DEFAULT NULL,
  `par_email` varchar(100) DEFAULT NULL,
  `par_tel` varchar(200) DEFAULT NULL
) ENGINE=InnoDB DEFAULT CHARSET=utf8;

--
-- Déchargement des données de la table `t_participant_par`
--

INSERT INTO `t_participant_par` (`par_id`, `par_chainecar`, `par_typepass`, `par_nom`, `par_prenom`, `par_email`, `par_tel`) VALUES
(1, 'JSC35XRG3JS', '1', 'Douglas', 'Xander', 'ante.iaculis@sollicitudincommodo.com', '08 68 16 93 55'),
(2, 'IKP93LEL5RV', '1', 'Guerra', 'Gretchen', 'et.commodo@intinciduntcongue.org', '05 63 89 86 09'),
(3, 'TLT42UNP3UQ', '2', 'Cunningham', 'Zorita', 'integer@rhoncusid.ca', '07 12 68 45 59'),
(4, 'FPG01MHJ5GE', '2', 'Best', 'Germaine', 'sagittis@tellusnonmagna.org', '09 82 24 24 16'),
(5, 'BER25KAY4BK', '3', 'Rowland', 'Merritt', 'quis.pede@maurisvel.com', '04 36 57 61 36'),
(6, 'LJT47LPG1CG', '3', 'Skinner', 'Dexter', 'semper.nam.tempor@risusnulla.ca', '02 83 31 63 83'),
(7, 'UUR73ADP7GH', '4', 'Carson', 'Jackson', 'ac.mattis.ornare@praesentinterdum.net', '08 78 01 33 71'),
(8, 'NJH85DPN5ST', '4', 'Preston', 'Jelani', 'ornare.egestas@proin.edu', '03 13 53 26 71'),
(9, 'KES57PFR2ZM', '1', 'Olson', 'Darius', 'vitae.velit.egestas@odio.net', '08 36 78 66 16'),
(10, 'MUF45MJE4BC', '1', 'Mendez', 'Reese', 'purus.ac.tellus@elementumdui.co.uk', '08 85 52 89 35'),
(11, 'DJH31HME5OL', '2', 'White', 'Unity', 'auctor.mauris@per.org', '08 34 42 30 87'),
(12, 'DJQ95GPC1JW', '2', 'Watkins', 'Victor', 'nullam.ut@aliquetvel.org', '08 88 43 88 58'),
(13, 'PCF21SUL9FA', '3', 'Gilbert', 'Alexa', 'nisl.arcu.iaculis@interdum.net', '04 42 54 21 75'),
(14, 'CMQ28YFW4CF', '3', 'Compton', 'Piper', 'malesuada.vel@doloregestas.com', '05 28 76 37 29'),
(15, 'CBS21JJH6ZI', '4', 'Daniels', 'Brooke', 'accumsan.interdum@justoproin.com', '03 32 87 76 13'),
(16, 'QKP63UGX9YR', '4', 'Cox', 'Axel', 'tristique.aliquet@natoque.edu', '06 01 62 12 23'),
(17, 'FHD11ETE4JP', '1', 'Waller', 'Coby', 'blandit.congue@tortornibh.ca', '06 66 31 44 33'),
(18, 'OWC81FTY0NQ', '1', 'Mcconnell', 'Norman', 'ipsum.curabitur@a.co.uk', '02 73 79 87 74'),
(19, 'PRW94SJU0AN', '2', 'Hogan', 'Illana', 'non.dapibus@maecenasornare.net', '03 51 36 61 48'),
(20, 'FNM12UUC2QU', '2', 'Hogan', 'Ishmael', 'tellus.non@turpisnulla.edu', '07 21 74 52 84'),
(21, 'YQI49VRW2PP', '3', 'Koch', 'Athena', 'a.feugiat.tellus@aliquet.edu', '04 69 53 73 40'),
(22, 'GFB55XWR4TD', '3', 'Valenzuela', 'Tyrone', 'nunc.sed@et.co.uk', '09 38 21 66 17'),
(23, 'FOQ58YVB1BY', '4', 'Hays', 'Chelsea', 'blandit@pharetrautpharetra.co.uk', '02 45 10 76 86'),
(24, 'RFA26JMB1DD', '4', 'Kane', 'Katelyn', 'ligula.aenean.gravida@sed.ca', '07 67 96 93 07'),
(25, 'LVY75WTW1LP', '1', 'Whitley', 'Kay', 'tincidunt@estac.edu', '07 45 21 55 03'),
(26, 'WQH33RGJ6XX', '1', 'Riddle', 'Ahmed', 'rutrum.fusce.dolor@seddictum.ca', '04 13 53 15 56'),
(27, 'MQU33ITG5CW', '2', 'Figueroa', 'Demetrius', 'posuere@sitamet.co.uk', '05 17 76 82 70'),
(28, 'TPN35WWL3FM', '2', 'Fuller', 'Ian', 'velit.eu@gravidanuncsed.net', '05 31 18 12 11'),
(29, 'JNV14AKU0PS', '3', 'Thompson', 'Ursula', 'ipsum.dolor.sit@eu.edu', '05 43 50 43 63'),
(30, 'CVT20XMG8OM', '3', 'Horton', 'Wanda', 'mauris@utipsum.co.uk', '09 53 15 12 38'),
(31, 'SLF97YLL7SC', '4', 'Thomas', 'Althea', 'vel@montesnascetur.net', '05 21 39 54 72'),
(32, 'LHH13DRV4KD', '4', 'James', 'Blake', 'eu.tellus@proin.co.uk', '04 13 79 62 63'),
(33, 'VLO83IKH8ND', '1', 'Roberson', 'Shaeleigh', 'consectetuer@sed.ca', '03 82 67 23 46'),
(34, 'YBE95TVV7CK', '1', 'Gill', 'Murphy', 'eu.eros@euismodin.net', '07 04 35 78 09'),
(35, 'HBT31WHM7XM', '2', 'Massey', 'Deacon', 'eget.metus@eratvolutpatnulla.net', '02 03 26 11 94'),
(36, 'BSR46DXU9TG', '2', 'Stevenson', 'Jemima', 'aenean.massa.integer@enimcommodo.com', '08 81 14 12 22'),
(37, 'QPK17HVV2MK', '3', 'Hahn', 'Rhoda', 'velit.dui@suspendisse.org', '06 12 00 97 86'),
(38, 'IAE34TTW5PD', '3', 'Kemp', 'Lara', 'aliquam.eros@urna.com', '02 28 58 62 66'),
(39, 'KGV43QRG2CE', '4', 'Cooke', 'Louis', 'per.inceptos@faucibus.net', '08 98 71 67 39'),
(40, 'TBN93FBI2VF', '4', 'Dawson', 'Ivor', 'ligula.aenean.gravida@magnaet.edu', '07 62 83 12 51'),
(41, 'AZL27FYR3UR', '1', 'Noel', 'Demetrius', 'ut.lacus@curabiturmassa.com', '09 55 96 42 01'),
(42, 'JWP33EVS2NP', '1', 'Savage', 'Delilah', 'amet@tristiquepellentesquetellus.com', '08 22 35 34 18'),
(43, 'MZI38ADT0XD', '2', 'Vinson', 'Maggie', 'amet@erosturpisnon.com', '03 56 25 04 07'),
(44, 'OJK35LDM3IY', '2', 'Walter', 'Hilda', 'dolor.quam@quisturpisvitae.edu', '08 12 95 55 48'),
(45, 'CYC38YJJ0KW', '3', 'Cross', 'Jaquelyn', 'malesuada.integer@famesacturpis.edu', '06 86 28 11 78'),
(46, 'XQH86XZB6HL', '3', 'Lindsay', 'Kelly', 'nunc.ullamcorper@pellentesqueultricies.net', '08 36 20 74 81'),
(47, 'KKE83VAZ3BK', '4', 'Britt', 'Samantha', 'dolor.elit.pellentesque@ut.net', '02 95 91 33 78'),
(48, 'EFN75UUX8OL', '4', 'Medina', 'Emerson', 'enim.sit@ut.com', '03 05 95 41 67'),
(49, 'JGH66YHX6DP', '1', 'Bradley', 'May', 'ipsum@volutpatnulla.edu', '01 34 63 63 65'),
(50, 'IGF40BMP2HY', '1', 'Farrell', 'Marvin', 'enim.etiam@fuscealiquet.ca', '04 53 50 63 32'),
(51, 'TLT56PVS5RK', '2', 'Kirby', 'Mariko', 'fusce.dolor@pedemalesuada.net', '03 51 12 78 38'),
(52, 'WJF60GZT5NH', '2', 'Powell', 'Colton', 'sodales.mauris@vitae.co.uk', '01 12 38 38 46'),
(53, 'CCE40LPR5DB', '3', 'Mcconnell', 'Cain', 'blandit.congue@aliquetsem.net', '02 11 04 02 88'),
(54, 'RLL66KLL1JF', '3', 'Garcia', 'Hamilton', 'lorem.semper@donectempus.edu', '04 29 18 53 74'),
(55, 'LPD16XHS3WD', '4', 'Puckett', 'Rae', 'amet@ametrisusdonec.co.uk', '03 13 27 46 20'),
(56, 'RVI53NRC2GQ', '4', 'Bailey', 'Camden', 'ultrices.a@estarcu.edu', '06 26 28 41 10'),
(57, 'VFF20IIQ4VL', '1', 'Fisher', 'Hunter', 'cras@vivamusnon.ca', '01 45 74 07 31'),
(58, 'KRZ27GEM7IB', '1', 'Wilkins', 'Cynthia', 'quisque.libero@donecfelisorci.ca', '07 14 38 38 12'),
(59, 'ARI50IDI5TN', '2', 'Marsh', 'Mari', 'iaculis.quis.pede@dictumeleifendnunc.net', '04 40 07 54 36'),
(60, 'EQH68GHZ6BE', '2', 'Sparks', 'Hedy', 'non.lorem.vitae@eumetus.edu', '04 53 27 50 85'),
(61, 'YQX68ZMY7DK', '3', 'Ramirez', 'Nolan', 'penatibus.et.magnis@odioaliquamvulputate.net', '05 64 35 62 53'),
(62, 'NKT05QDU5TI', '3', 'Casey', 'Fleur', 'vitae@magna.co.uk', '04 63 62 72 43'),
(63, 'YHP76RZJ2OI', '4', 'Dorsey', 'Iris', 'tristique@aeneaneget.org', '07 71 26 37 94'),
(64, 'GEK81QFB8NN', '4', 'Gay', 'Benjamin', 'pulvinar.arcu@sodalesnisi.edu', '07 38 82 70 26'),
(65, 'USF17JRT7SQ', '1', 'Holden', 'Blythe', 'vivamus.nisi@convallisliguladonec.org', '06 65 97 17 63'),
(66, 'DNT77CHY4UX', '1', 'Schultz', 'Jocelyn', 'enim.curabitur@eros.ca', '06 58 36 51 98'),
(67, 'QDR84TXN8IQ', '2', 'Eaton', 'Nehru', 'duis.a@vitaepurus.ca', '07 43 67 38 23'),
(68, 'GUH93UPI8IL', '2', 'Klein', 'McKenzie', 'mollis@inhendrerit.co.uk', '03 71 09 43 75'),
(69, 'EHP67CQS1EN', '3', 'Castro', 'Doris', 'elit.erat.vitae@libero.ca', '05 27 95 21 94'),
(70, 'GNH98CHF5LX', '3', 'Cobb', 'Marcia', 'varius.et@duiquis.ca', '01 28 45 44 71'),
(71, 'ASL55MVM8EN', '4', 'Hutchinson', 'Karly', 'massa@gravidamauris.edu', '05 81 45 64 18'),
(72, 'GAK54EVX6SI', '4', 'Berg', 'Maxwell', 'egestas.urna.justo@nullaanteiaculis.ca', '02 21 82 75 34'),
(73, 'FXC94JQE4TQ', '1', 'Larsen', 'Jemima', 'dolor.donec@dignissimmaecenas.edu', '03 62 53 47 04'),
(74, 'SHV90SIB8SU', '1', 'Buchanan', 'Gretchen', 'libero.morbi.accumsan@vivamussitamet.edu', '01 75 84 78 63'),
(75, 'SIM62YZD5EL', '2', 'Randall', 'Baker', 'enim.mi.tempor@orciquis.edu', '07 23 74 78 81'),
(76, 'RSG14BOH2YW', '2', 'Caldwell', 'Iris', 'nec.euismod@nuncin.co.uk', '08 42 13 56 18'),
(77, 'JEI65JQZ8FT', '3', 'Sellers', 'Lillian', 'sit.amet@tincidunttempusrisus.net', '05 78 47 71 68'),
(78, 'YXN19NLO1JZ', '3', 'Benjamin', 'Ginger', 'orci.luctus@volutpat.net', '08 85 82 84 68'),
(79, 'KTX59DKE8QK', '4', 'Hancock', 'Oren', 'ac.ipsum@augueeu.net', '05 96 43 93 27'),
(80, 'DDQ43YNH7PL', '4', 'Roy', 'Darius', 'cursus.non.egestas@apurus.co.uk', '08 42 73 63 75'),
(81, 'CVW96KWV8QK', '1', 'Sosa', 'Madaline', 'in.faucibus@sagittis.co.uk', '02 34 44 86 65'),
(82, 'PVF54HRS7LP', '1', 'Norris', 'Neve', 'tellus.suspendisse@lobortisquam.com', '06 32 42 84 61'),
(83, 'MSO17FMX2FH', '2', 'Irwin', 'Raya', 'tincidunt.neque@mollis.ca', '07 23 25 55 14'),
(84, 'AOB70XWO6FM', '2', 'Moon', 'Drake', 'fermentum.risus.at@euligulaaenean.com', '09 30 14 45 58'),
(85, 'ODI20KXL5QV', '3', 'Yates', 'Cruz', 'dignissim.magna@faucibusid.edu', '09 53 17 84 72'),
(86, 'DWV94XCR4AF', '3', 'Miller', 'Zenia', 'a.feugiat@purus.edu', '05 83 83 07 81'),
(87, 'OEU17KQV5HU', '4', 'Webster', 'Emery', 'enim.condimentum.eget@ametante.net', '07 46 20 14 33'),
(88, 'UWN26WFB5WT', '4', 'Hamilton', 'Marcia', 'laoreet.lectus@tincidunt.co.uk', '05 70 55 88 82'),
(89, 'GFG75VPJ0YL', '1', 'Mayer', 'Igor', 'vivamus@liberoat.com', '05 33 21 43 68'),
(90, 'WKL66KIH8FW', '1', 'Leach', 'Amanda', 'eu@semegetmassa.net', '08 94 82 26 18'),
(91, 'ELE99JWK9EG', '2', 'Delgado', 'Curran', 'nec.ligula@velitquisque.ca', '01 33 54 98 26'),
(92, 'JNS38ZTN1MN', '2', 'Flores', 'Chaney', 'laoreet.libero.et@nonlorem.edu', '09 77 41 83 35'),
(93, 'MNP09DAQ5YZ', '3', 'Summers', 'Adara', 'dignissim.lacus@nullacras.net', '04 64 76 40 54'),
(94, 'EPF08NCF7HR', '3', 'Stokes', 'Idola', 'fermentum.vel@suspendisse.net', '09 63 88 24 84'),
(95, 'ISQ31UDM4HI', '4', 'Gilliam', 'Merrill', 'montes.nascetur@aliquetnec.net', '08 65 15 27 67'),
(96, 'CJR79KCS5WX', '4', 'Montgomery', 'Melissa', 'etiam.ligula.tortor@senectuset.com', '03 53 88 65 62'),
(97, 'EIB75CUU1QC', '1', 'Mcgowan', 'Brenda', 'turpis@faucibusorci.com', '06 76 09 33 97'),
(98, 'ZBB86JQO8PX', '1', 'Valencia', 'Kaye', 'massa@inaliquet.net', '07 95 93 38 58'),
(99, 'DUT06GGH1EM', '2', 'Pope', 'Victor', 'arcu.curabitur@auctornon.ca', '04 57 65 30 97'),
(100, 'OYT38IWB3YR', '2', 'Buckner', 'Laurel', 'neque.sed@egetmetusin.net', '09 96 13 51 61'),
(101, 'SNK72NBL6MJ', '3', 'Taylor', 'Sylvester', 'pulvinar@scelerisqueneque.com', '05 53 35 48 33'),
(102, 'VNF17PED4XN', '3', 'Davenport', 'Cadman', 'cursus.in@massasuspendisse.co.uk', '08 43 47 25 58'),
(103, 'PKL71GJC1LM', '4', 'Santos', 'Nicholas', 'lacus@luctusaliquet.com', '06 25 25 75 68'),
(104, 'JVI56VEN3MJ', '4', 'Dominguez', 'Noble', 'fames.ac@ipsumporta.org', '07 36 32 61 66'),
(105, 'EJW53BFU1JS', '1', 'Green', 'Keefe', 'tristique.pellentesque@dui.org', '07 02 84 73 86'),
(106, 'CPS26CRH8JP', '1', 'Ingram', 'Tarik', 'sit@phaselluselitpede.co.uk', '07 31 14 88 11'),
(107, 'YKD38APD1NU', '2', 'Wells', 'Charlotte', 'arcu.curabitur@proin.org', '04 83 52 72 77'),
(108, 'AHB55GTU9XK', '2', 'Vega', 'Quon', 'nisi.magna@orcisem.edu', '08 71 76 64 31'),
(109, 'KJH73HSL3CO', '3', 'Stuart', 'Lawrence', 'sem.eget.massa@sociisnatoquepenatibus.com', '05 03 34 76 21'),
(110, 'NYD73BPK2ND', '3', 'Byrd', 'Cameran', 'augue@pellentesquetellussem.edu', '06 21 72 92 69'),
(111, 'CYO38VAN9RL', '4', 'Avila', 'Pamela', 'duis.mi@nisl.net', '05 71 44 45 67'),
(112, 'OMF69KLT8RD', '4', 'Whitfield', 'Joseph', 'sit.amet@eunibh.net', '05 29 95 82 41'),
(113, 'MCU33TAP3ZM', '1', 'Mclean', 'Ruth', 'erat.vivamus.nisi@vivamuseuismod.edu', '06 07 11 85 75'),
(114, 'OBX39DTL4OS', '1', 'Leach', 'Melissa', 'risus@nequesedsem.co.uk', '04 41 99 61 48'),
(115, 'XCN45REW1WB', '2', 'Crawford', 'Charles', 'amet.luctus@liberolacusvarius.edu', '05 67 62 95 78'),
(116, 'EHT56UIP5AY', '2', 'Whitaker', 'Carol', 'nunc.quisque.ornare@ametrisusdonec.com', '01 36 64 60 58'),
(117, 'TWI91OPC1WN', '3', 'Palmer', 'Sigourney', 'ac.mattis@aliquetsem.net', '03 72 69 77 13'),
(118, 'BYO32HNX1MJ', '3', 'Barker', 'David', 'orci.lacus@egestasnunc.co.uk', '09 16 77 14 46'),
(119, 'ISN42LXE8YV', '4', 'Roy', 'Nissim', 'metus@necante.edu', '05 75 02 80 22'),
(120, 'VUQ24KIW1FB', '4', 'Britt', 'Halee', 'consequat.auctor@integersemelit.com', '04 37 78 29 87'),
(121, 'KET81WKV8SB', '1', 'Reed', 'Tucker', 'sem.magna.nec@euturpis.edu', '08 84 17 85 62'),
(122, 'LLN72IIP8TI', '1', 'Kane', 'Brielle', 'vulputate.ullamcorper@magnaet.edu', '06 75 67 15 65'),
(123, 'WJR31TKY0RR', '2', 'Alford', 'Kennedy', 'amet@nonante.org', '06 65 46 48 66'),
(124, 'DIA91DNP3EB', '2', 'Le', 'Stella', 'gravida.mauris.ut@ipsumnunc.ca', '02 37 61 94 81'),
(125, 'BDT58LGV1XY', '3', 'Riley', 'Cassidy', 'mauris@ligula.co.uk', '06 55 56 32 16'),
(126, 'MTG30ZMF5OB', '3', 'Walls', 'Jaquelyn', 'ultrices.sit@consectetuerrhoncusnullam.ca', '04 52 26 51 61'),
(127, 'IJN32DMG8RS', '4', 'Gardner', 'Merritt', 'non@hendrerita.org', '06 19 23 27 97'),
(128, 'AFR39CZZ4JF', '4', 'Frye', 'Alan', 'fermentum@mollis.net', '03 16 22 17 52'),
(129, 'WDG52TBJ8QB', '1', 'Wells', 'Isadora', 'odio.phasellus@aclibero.ca', '02 01 31 49 47'),
(130, 'BOG84HQP0KG', '1', 'Rich', 'Kelsie', 'ut.semper@massamauris.ca', '04 19 93 27 23'),
(131, 'DJB34QVP5OM', '2', 'Keith', 'Katelyn', 'molestie.tellus@liberoproinmi.com', '08 37 77 52 13'),
(132, 'SEY26RIB7WA', '2', 'Conrad', 'Ima', 'mauris@tempuseu.edu', '06 81 84 82 29'),
(133, 'TVI21FGQ1RW', '3', 'Robertson', 'Allistair', 'est.vitae.sodales@maurisblanditenim.org', '05 31 26 72 00'),
(134, 'TGM37WIK4PG', '3', 'Francis', 'Giacomo', 'suspendisse.sagittis@egetmollis.org', '04 78 21 54 71'),
(135, 'CCN38QNG3BN', '4', 'Russo', 'Abel', 'posuere.vulputate.lacus@infaucibus.co.uk', '08 35 44 18 42'),
(136, 'MCJ48HBU4XC', '4', 'Hancock', 'Isaac', 'odio.nam@tempus.co.uk', '03 73 74 67 56'),
(137, 'IRL76KWU2MM', '1', 'Gillespie', 'Julie', 'nisi.dictum@variusultrices.com', '07 34 88 18 26'),
(138, 'FHS77NMM1JR', '1', 'O\'connor', 'Chiquita', 'aliquam.tincidunt@curabitursedtortor.net', '04 55 25 48 35'),
(139, 'ULH48RQN5OW', '2', 'Frazier', 'Ulysses', 'cursus.purus@duiin.net', '04 34 08 65 83'),
(140, 'OKR51MQV7IQ', '2', 'Pacheco', 'Quamar', 'facilisis@quisquetinciduntpede.co.uk', '06 57 34 47 54'),
(141, 'NLD53FPD8SY', '3', 'Kaufman', 'Francis', 'cum.sociis@ami.co.uk', '05 52 14 60 28'),
(142, 'GEJ06HOB3EB', '3', 'Schwartz', 'Addison', 'nascetur@eratneque.org', '06 53 63 45 51'),
(143, 'EJO35GYV1UR', '4', 'Roberts', 'Michelle', 'dolor.donec@odioauctorvitae.com', '06 37 31 80 34'),
(144, 'CVL67IVC9UP', '4', 'Stanton', 'Linus', 'enim.mi@acrisus.edu', '01 63 33 44 17'),
(145, 'PYT75DYF6JO', '1', 'Dorsey', 'Caesar', 'tempor@congueelit.edu', '07 98 28 13 58'),
(146, 'GQI55CQB8KC', '1', 'Palmer', 'Susan', 'lacus.ut@donec.com', '06 88 56 08 76'),
(147, 'LBW05UMX7GV', '2', 'Herman', 'Camille', 'aliquet.phasellus@aauctornon.org', '07 62 19 10 53'),
(148, 'UQH56RLB2EK', '2', 'Bass', 'Hamish', 'purus.accumsan@purusduis.edu', '04 44 23 73 84'),
(149, 'SVG84HDE9QV', '3', 'Rowe', 'Zachery', 'nostra@donectinciduntdonec.net', '05 15 14 14 36'),
(150, 'MSP30NNM2XU', '3', 'Hudson', 'Lance', 'ut.eros@musproinvel.com', '07 44 22 13 87'),
(151, 'KRM32XNM9YA', '4', 'Johnson', 'Avye', 'dui@veliteusem.net', '07 89 24 37 16'),
(152, 'ILR59NDS8WR', '4', 'Webster', 'Deborah', 'semper.erat@auctor.net', '01 72 25 21 67'),
(153, 'NPU21UVP3MK', '1', 'Keller', 'Ferris', 'nunc@ullamcorpernislarcu.org', '04 24 88 04 24'),
(154, 'TJC61FWN8LY', '1', 'Estrada', 'Camden', 'cras.convallis@risusdonecnibh.org', '04 54 60 17 67'),
(155, 'MAJ87NSV2XJ', '2', 'Hernandez', 'Lana', 'neque.venenatis@dictumeu.ca', '01 58 64 01 67'),
(156, 'HBO83RHT6UB', '2', 'Benton', 'Hall', 'orci.consectetuer.euismod@facilisisegetipsum.net', '08 24 40 78 36'),
(157, 'ZYH82TKM1CE', '3', 'House', 'Fleur', 'integer.sem.elit@eu.org', '05 51 16 58 91'),
(158, 'WUD01HUG3EN', '3', 'Maynard', 'Leilani', 'cubilia@facilisis.co.uk', '07 60 73 78 53'),
(159, 'PDW15XHF4MJ', '4', 'Faulkner', 'Ria', 'donec.luctus@ornarelectus.org', '08 65 46 56 50'),
(160, 'KML34RQZ3XH', '4', 'Sutton', 'Upton', 'phasellus@magnaa.net', '07 35 87 72 82'),
(161, 'KHI47TSX8ES', '1', 'Gilliam', 'Joan', 'eu@nuncinterdumfeugiat.org', '05 69 18 43 35'),
(162, 'PLI43ADP8RY', '1', 'Smith', 'Austin', 'vel@vulputatelacus.ca', '09 32 88 62 23'),
(163, 'MKW88QFJ1HH', '2', 'Turner', 'Shelly', 'enim.curabitur@aptenttacitisociosqu.com', '03 23 11 69 74'),
(164, 'OTP65SRX4HQ', '2', 'Flores', 'Ralph', 'nullam@congueturpis.ca', '02 82 96 09 51'),
(165, 'KEB45ZSP2IM', '3', 'Hart', 'Claudia', 'amet.orci@risusin.ca', '07 67 46 61 56'),
(166, 'GXK48JSB0WA', '3', 'Bowen', 'Ferris', 'odio.tristique@eu.co.uk', '07 27 42 72 14'),
(167, 'WZC14DHW2NW', '4', 'Wilkinson', 'Jade', 'sed.pede@loremeget.ca', '07 02 23 37 35'),
(168, 'BEO71PCK7RC', '4', 'Benjamin', 'Barbara', 'nec@nequeet.ca', '02 50 64 25 75'),
(169, 'RBY07KUP8GY', '1', 'Cote', 'Eaton', 'aliquet.libero@aeneaneuismod.edu', '06 83 02 18 22'),
(170, 'URZ44PRC1WC', '1', 'Duke', 'Shellie', 'egestas.lacinia.sed@ametconsectetuer.net', '03 71 77 38 33'),
(171, 'CPH39GYF7DV', '2', 'Dotson', 'Hilda', 'tempus@liberomauris.com', '06 63 46 11 71'),
(172, 'GYV85ZBC1YH', '2', 'Delaney', 'Isaac', 'odio.etiam.ligula@imperdieteratnonummy.com', '05 23 40 23 34'),
(173, 'GLP27VKL8RE', '3', 'Rosales', 'Vaughan', 'phasellus@quam.co.uk', '04 23 92 56 43'),
(174, 'DKZ10WNV3PR', '3', 'Charles', 'Abel', 'cras@maurisblanditenim.net', '07 94 71 11 36'),
(175, 'LUV84BOY4HH', '4', 'Francis', 'Mannix', 'quisque.ac.libero@pedeblanditcongue.com', '01 04 72 62 95'),
(176, 'MLJ32ZQT5TP', '4', 'Summers', 'Jakeem', 'ultrices@eget.ca', '02 56 84 51 28'),
(177, 'STF41NJI5LD', '1', 'Rodgers', 'Vladimir', 'fames.ac@luctuslobortis.org', '07 85 23 21 99'),
(178, 'XHS87RGW2QG', '1', 'Fuller', 'Kameko', 'sit.amet.nulla@sednulla.com', '09 82 82 63 73'),
(179, 'ISK57FRO8CN', '2', 'Peters', 'Aurelia', 'mattis.integer.eu@tortorat.co.uk', '06 44 41 80 93'),
(180, 'LKA31FYC8TI', '2', 'Davis', 'Herman', 'nam.ac.nulla@donecat.ca', '07 14 44 59 56'),
(181, 'VKZ10KOD8KV', '3', 'Skinner', 'Ashely', 'lorem.vitae.odio@quis.co.uk', '08 36 18 03 68'),
(182, 'MPW19BWP6IU', '3', 'Sandoval', 'Aladdin', 'ut.tincidunt@sed.org', '03 57 78 00 44'),
(183, 'HJV74XGP4MX', '4', 'Shaw', 'Quintessa', 'feugiat.sed.nec@tortor.edu', '08 60 51 82 70'),
(184, 'NWJ32GDI5GZ', '4', 'Dorsey', 'Christen', 'nullam@aliquamfringillacursus.edu', '05 32 46 21 04'),
(185, 'QDM91CYU4TR', '1', 'Gentry', 'Cedric', 'ut.semper@sem.org', '08 38 56 24 16'),
(186, 'HYM52ELY5WK', '1', 'Williamson', 'Mara', 'cum.sociis.natoque@acmattisvelit.com', '01 78 70 52 64'),
(187, 'FMO91JMX4WW', '2', 'Stafford', 'Gabriel', 'lacus.pede@consectetuerrhoncusnullam.co.uk', '01 19 47 91 63'),
(188, 'WBN56UAB4WF', '2', 'Collins', 'Evangeline', 'quisque.porttitor@molestietortor.ca', '04 37 22 27 36'),
(189, 'CGP54KXP8QS', '3', 'Spencer', 'Tarik', 'arcu@mauris.net', '01 63 81 21 49'),
(190, 'BQK57CIC2ZF', '3', 'Stein', 'Brian', 'et.magna.praesent@consequatlectus.edu', '05 33 32 53 80'),
(191, 'NPR55DOB4AU', '4', 'Calderon', 'Lev', 'nonummy.ipsum@aliquamiaculis.com', '04 38 87 94 14'),
(192, 'CMV81MSV2UM', '4', 'Stanley', 'Alika', 'arcu.et@erosturpis.edu', '08 31 29 13 81'),
(193, 'WPQ25KTU3JM', '1', 'Benjamin', 'Ali', 'penatibus@egetodio.ca', '05 56 51 88 87'),
(194, 'JJE25GCE8UV', '1', 'Hartman', 'Dillon', 'molestie.pharetra@nunc.com', '03 78 79 36 71'),
(195, 'DGX22WZE7DP', '2', 'Sanders', 'Dustin', 'elit@donec.net', '04 52 41 68 33'),
(196, 'VFC32FEB4OJ', '2', 'Marquez', 'Tana', 'elit.pede@donecfeugiat.net', '06 07 95 17 76'),
(197, 'WNV28KET4RG', '3', 'Tran', 'Stuart', 'ligula.nullam@maurismolestie.org', '03 15 42 65 12'),
(198, 'NEG25JFC6NB', '3', 'Langley', 'Vincent', 'ultrices.sit@portaelit.org', '07 11 26 12 47'),
(199, 'LXO86BFY2RW', '4', 'Rodriquez', 'Calvin', 'phasellus.dapibus.quam@lobortisquam.com', '03 91 75 50 06'),
(200, 'VSR56XCX4WN', '4', 'Oneal', 'Mufutau', 'mauris@liberomauris.edu', '08 66 47 36 66'),
(201, 'REN02HKU7CP', '1', 'Wallace', 'Vernon', 'ligula@placerat.co.uk', '08 27 87 33 18'),
(202, 'PTE30ULK4OS', '1', 'Mccullough', 'Zahir', 'est.ac.facilisis@cubiliacurae.net', '08 26 87 46 83'),
(203, 'ZTP67UGB4FX', '2', 'Roach', 'Talon', 'amet@aliquetnec.co.uk', '08 24 58 37 63'),
(204, 'LTP59VUM2IB', '2', 'Dotson', 'Leah', 'sagittis.augue@ipsum.ca', '06 22 80 74 03'),
(205, 'OCP01QQW0KN', '3', 'Rutledge', 'Kylee', 'lorem.vehicula@justoeu.edu', '06 87 43 67 53'),
(206, 'TCJ07HGP5HD', '3', 'Ramos', 'Ulric', 'in.sodales@nibh.ca', '07 84 68 64 75'),
(207, 'LOL11RSU1IN', '4', 'May', 'Erich', 'molestie.tortor@etnetus.org', '02 93 38 33 53'),
(208, 'SPT75UFQ1YW', '4', 'Mcintosh', 'Larissa', 'ante@maurismorbi.net', '08 67 81 18 85'),
(209, 'NNV46MWC6NX', '1', 'Rivera', 'Kenneth', 'lectus@imperdiet.ca', '09 41 15 55 34'),
(210, 'RSJ89QEI6ON', '1', 'Knight', 'Garrett', 'adipiscing.mauris.molestie@vestibulumlorem.co.uk', '03 18 66 03 66'),
(211, 'OZO81XMJ8IY', '2', 'Gregory', 'Matthew', 'felis@ipsum.org', '07 01 69 16 69'),
(212, 'TBJ16BTO3RI', '2', 'Hunt', 'Shellie', 'egestas.nunc@felisadipiscing.com', '05 72 21 48 42'),
(213, 'UID31NNE1ES', '3', 'Hoover', 'Naida', 'vitae.erat@scelerisquescelerisque.co.uk', '06 70 82 82 61'),
(214, 'AXN28HEG3PC', '3', 'Cobb', 'Brynn', 'semper.erat@eleifend.co.uk', '09 68 23 36 48'),
(215, 'CSR58PVD7JD', '4', 'Norris', 'Jaquelyn', 'vel@felis.org', '03 47 52 51 67'),
(216, 'HQJ99IQY7BH', '4', 'Moody', 'Lucas', 'quam@nullamenim.ca', '03 13 03 76 47'),
(217, 'QZF26ZKL0GQ', '1', 'Huff', 'Henry', 'purus.ac@id.co.uk', '04 97 41 72 66'),
(218, 'RSU61PSG6FO', '1', 'Hamilton', 'Jack', 'a.odio@arcuvivamussit.edu', '07 85 40 91 90'),
(219, 'CCI22ZAD7ZF', '2', 'Mcintyre', 'Jerome', 'ligula.eu@eratin.co.uk', '04 41 63 69 27'),
(220, 'MDP06HVN9HU', '2', 'Avery', 'Ivor', 'eu.odio@dui.org', '01 95 05 73 14'),
(221, 'ECJ15UPG8ZP', '3', 'Delgado', 'Ira', 'ornare.libero.at@ipsumprimisin.co.uk', '07 63 31 59 88'),
(222, 'GEN87SHG0UW', '3', 'Castro', 'Sonya', 'rutrum.non@gravidapraesent.org', '03 13 75 44 88'),
(223, 'LDT96MEV0TU', '4', 'Browning', 'Carter', 'sed.dictum@ultricesduis.ca', '03 77 90 51 35'),
(224, 'SJJ38HLD8EE', '4', 'Paul', 'Forrest', 'nibh.phasellus@ipsumnon.edu', '07 23 57 43 23'),
(225, 'YDF73GRF4YE', '1', 'Wright', 'Bianca', 'odio.a.purus@dolorsit.org', '03 26 20 75 18'),
(226, 'UMA26ESE7NQ', '1', 'Robinson', 'Chaney', 'a@turpisnulla.co.uk', '03 72 80 48 61'),
(227, 'SXO97VTL6BC', '2', 'Mason', 'Jelani', 'erat.in@nonantebibendum.org', '04 28 46 22 92'),
(228, 'EUO52UFR1WH', '2', 'Acevedo', 'Leigh', 'risus.a.ultricies@antenunc.edu', '06 22 87 58 97'),
(229, 'KPD39SQD8JT', '3', 'Warner', 'Cheryl', 'maecenas@consequatnecmollis.co.uk', '03 10 39 23 52'),
(230, 'NZE44QNF2QV', '3', 'Savage', 'Lacey', 'eu.tempor@urnaconvallis.org', '06 36 93 94 62'),
(231, 'EKJ37EQE4OL', '4', 'Doyle', 'Basia', 'ac.turpis@laciniavitaesodales.org', '02 72 35 75 32'),
(232, 'PSK97QNE7FK', '4', 'Day', 'Murphy', 'quisque@maecenasornare.net', '07 18 52 83 21'),
(233, 'HTK43NBV9SW', '1', 'Barr', 'Jonah', 'ut.aliquam@velsapienimperdiet.org', '02 57 49 77 69'),
(234, 'RKA13JMF1QL', '1', 'Castaneda', 'Amos', 'non.massa@felis.edu', '05 70 86 14 16'),
(235, 'UBE11OKV7WZ', '2', 'Barrett', 'Cora', 'aliquet@maecenasmi.net', '04 51 51 11 49'),
(236, 'PTY04IGU6ZJ', '2', 'Mayer', 'Omar', 'primis@ullamcorperduis.co.uk', '06 49 10 48 51'),
(237, 'QNA27TIT4CT', '3', 'Holloway', 'Daria', 'ante.lectus@proinmi.com', '07 94 66 64 82'),
(238, 'BVX12YQQ4HF', '3', 'Mendoza', 'Oleg', 'mi@nonarcu.ca', '02 81 51 47 87'),
(239, 'TBT31QJI0JM', '4', 'Briggs', 'Jared', 'est.tempor.bibendum@neceuismod.net', '06 68 08 22 32'),
(240, 'LSN80XDY4ZJ', '4', 'Joyner', 'Vivien', 'non.sollicitudin@imperdiet.com', '09 55 12 78 36'),
(241, 'QPL22LHP5AO', '1', 'Alvarez', 'Keane', 'laoreet@ultriciesdignissim.net', '03 11 06 61 62'),
(242, 'GRQ12TRG2XD', '1', 'Luna', 'Reese', 'enim@egetipsum.co.uk', '05 27 10 63 32'),
(243, 'EBI63TXH2UY', '2', 'Knight', 'Vincent', 'sed.dictum.proin@ultricesiaculis.com', '05 73 23 82 67'),
(244, 'WYO44RHT4PO', '2', 'Mercer', 'Alexis', 'nunc@arcualiquamultrices.com', '03 78 03 26 37'),
(245, 'VZX25KXR4HM', '3', 'Delgado', 'Emmanuel', 'cursus.vestibulum@acorci.net', '03 61 50 56 86'),
(246, 'CTO55OEE3ND', '3', 'Chapman', 'Aphrodite', 'ut.odio@lacus.net', '06 21 14 78 97'),
(247, 'DUQ26JWN8LC', '4', 'Dillon', 'Elton', 'sociis.natoque@venenatis.ca', '05 35 01 61 40'),
(248, 'RXQ63ORL7NQ', '4', 'Vasquez', 'Maris', 'arcu.morbi@rutrumfusce.org', '04 27 42 63 92'),
(249, 'CQL33LPP7NW', '1', 'Glass', 'Pandora', 'id.mollis.nec@fringilla.edu', '08 20 18 22 00'),
(250, 'NBJ45KVQ4UK', '1', 'Duke', 'Ria', 'mollis.phasellus@cursus.co.uk', '07 77 36 52 04'),
(251, 'IVF40GPZ9OF', '2', 'Slater', 'Olga', 'vitae.erat@porttitorinterdumsed.com', '02 34 67 39 73'),
(252, 'EBT92PCX7NA', '2', 'Anthony', 'Rhiannon', 'mauris.blandit.mattis@faucibusmorbivehicula.net', '04 48 25 87 61'),
(253, 'QCK83NRQ1HX', '3', 'Hoffman', 'Cora', 'pede.cras@sapienimperdietornare.org', '06 57 43 33 79'),
(254, 'HVR92EOW6EX', '3', 'Banks', 'Velma', 'ipsum.dolor@tinciduntpedeac.net', '05 53 00 58 32'),
(255, 'SQB88TRE7KU', '4', 'Conley', 'Nelle', 'facilisis.magna@accumsanlaoreetipsum.co.uk', '05 86 43 64 61'),
(256, 'BUC56SNW4TP', '4', 'Atkinson', 'Plato', 'tincidunt@non.com', '05 35 42 46 46'),
(257, 'EPD39TQF7SH', '1', 'Robertson', 'Kenneth', 'ultricies.sem@litora.edu', '05 56 55 16 48'),
(258, 'ETL75DIV0BV', '1', 'Delgado', 'Lane', 'lectus.pede@mollisduissit.co.uk', '03 88 63 48 12'),
(259, 'ITM11AMJ7GB', '2', 'Black', 'Yetta', 'consectetuer.euismod@amagna.ca', '02 46 11 52 73'),
(260, 'ORX21EQN1LQ', '2', 'Wynn', 'Rhoda', 'praesent.eu@vitaerisusduis.co.uk', '09 17 82 46 61'),
(261, 'ZQC54WPC5ZB', '3', 'Gamble', 'Axel', 'non.enim@ipsumleo.com', '02 24 56 52 22'),
(262, 'QJD68YNP1RJ', '3', 'Stafford', 'Liberty', 'in.consequat@inatpede.edu', '07 33 87 08 45'),
(263, 'FJE48YCG4GF', '4', 'Strickland', 'Desirae', 'nullam@duissit.net', '08 33 25 98 29'),
(264, 'MIR54MVU7DS', '4', 'Fitzgerald', 'Nell', 'ut.odio@lobortisclass.edu', '08 78 32 28 07'),
(265, 'NKI17IIK8PC', '1', 'Tyson', 'Tiger', 'sagittis.duis@faucibusleo.com', '04 45 84 74 74'),
(266, 'AUX61KIM2JF', '1', 'Deleon', 'Dora', 'non.justo.proin@anuncin.net', '07 76 35 21 86'),
(267, 'XWH77LJK5NX', '2', 'Collins', 'Sylvester', 'urna.suscipit@morbiaccumsan.ca', '03 78 22 20 06'),
(268, 'ECS52KTJ9GT', '2', 'Sharpe', 'Justine', 'phasellus.dapibus.quam@massa.co.uk', '01 85 33 11 18'),
(269, 'EJL52LVO0IG', '3', 'Merrill', 'Rudyard', 'vitae.risus@fringilla.edu', '04 65 48 57 61'),
(270, 'IAC54KUY8ME', '3', 'Brewer', 'Jerry', 'dolor@etmagnis.co.uk', '07 77 40 37 30'),
(271, 'WVI68OLH6HR', '4', 'Holt', 'Elton', 'nunc.lectus@ipsumdonecsollicitudin.com', '05 58 57 30 21'),
(272, 'AJL16SWT8GF', '4', 'Raymond', 'Stephen', 'erat.vel.pede@scelerisqueneque.edu', '04 22 55 68 94'),
(273, 'MFI44NBW7AL', '1', 'Estrada', 'Elaine', 'libero@porttitorscelerisque.co.uk', '05 34 05 71 25'),
(274, 'NAJ87LPK1NP', '1', 'Potts', 'Jonah', 'massa@estarcuac.com', '04 25 11 71 91'),
(275, 'VEL76VNO0WD', '2', 'Hampton', 'Xantha', 'vulputate.posuere.vulputate@habitantmorbitristique.com', '03 27 62 45 19'),
(276, 'QXZ31XLU6ZJ', '2', 'Mccoy', 'Ashton', 'vel.venenatis@molestiein.co.uk', '02 79 52 54 36'),
(277, 'PBU70WWI7TU', '3', 'Conrad', 'Darryl', 'arcu.eu@fringilla.org', '04 18 71 33 98'),
(278, 'YQN63VSM4ST', '3', 'Webb', 'Tamekah', 'ac.fermentum@quama.ca', '05 60 62 89 61'),
(279, 'CYB42QQI6SI', '4', 'Woodward', 'Hammett', 'ipsum.ac.mi@neque.edu', '07 28 07 33 51'),
(280, 'JLZ51CLR7UV', '4', 'Rowland', 'Dane', 'in@quis.com', '01 76 14 19 31'),
(281, 'FVO28GRW7IC', '1', 'Oneil', 'Leroy', 'mus.proin@ante.ca', '06 67 07 17 14'),
(282, 'TJE46VJR3HW', '1', 'Russo', 'Ima', 'donec.dignissim@maurisvel.edu', '07 34 91 65 53'),
(283, 'AKM82QVL5ES', '2', 'Reilly', 'Georgia', 'nascetur.ridiculus@pretiumetrutrum.ca', '04 84 07 16 84'),
(284, 'PMM67IFD4LP', '2', 'Suarez', 'Arthur', 'fringilla.ornare@luctus.com', '02 73 03 08 17'),
(285, 'VPY41IJM2DH', '3', 'Goff', 'Kiona', 'lorem.lorem@nonegestasa.edu', '02 82 89 68 10'),
(286, 'ZDH85AOW3SK', '3', 'Wolf', 'Chaim', 'pellentesque.tellus.sem@aliquamornare.ca', '06 27 41 15 52'),
(287, 'RBT62UYV6CV', '4', 'Francis', 'Carla', 'ut.lacus.nulla@ullamcorper.ca', '01 27 40 44 39'),
(288, 'MPL53XWV8LI', '4', 'Ingram', 'Oleg', 'eu@fermentumrisus.edu', '02 67 14 28 45'),
(289, 'VHF24FSD4YH', '1', 'Gibson', 'Rhoda', 'fringilla@lectusconvallisest.co.uk', '04 32 05 41 58'),
(290, 'NMG88CNF6MA', '1', 'O\'neill', 'Aiko', 'lectus.pede@vel.net', '06 80 78 33 57'),
(291, 'WVD66JDU3ME', '2', 'Kirk', 'Penelope', 'consectetuer@actellus.ca', '04 47 37 21 98'),
(292, 'PEC68TMA9XS', '2', 'Clemons', 'Dalton', 'nisi@est.com', '06 15 15 54 19'),
(293, 'MIF10IEB3XB', '3', 'Guzman', 'Lael', 'phasellus.elit@temporlorem.com', '02 26 11 62 33'),
(294, 'QPK28GGE5YX', '3', 'Oliver', 'Edward', 'non@lacusut.ca', '07 75 29 27 55'),
(295, 'YCJ04UGQ6MH', '4', 'Sloan', 'Isaiah', 'dui@craseget.net', '01 10 34 10 45'),
(296, 'EVV32SWG2VC', '4', 'Richardson', 'Hammett', 'lorem.semper.auctor@nislquisque.com', '08 63 84 56 73'),
(297, 'DWV23FXX6IG', '1', 'Valentine', 'Preston', 'eu.ligula@ornareelit.co.uk', '08 34 65 02 74'),
(298, 'XTP22SJI4JU', '1', 'Barlow', 'Kalia', 'nostra.per@eu.edu', '01 56 64 37 12'),
(299, 'KFU89NEU7EN', '2', 'Bernard', 'Hedda', 'interdum@egetmollis.com', '02 87 56 46 64'),
(300, 'JKH91UHO1RI', '2', 'Cummings', 'Jerome', 'in@acarcu.co.uk', '02 98 34 42 07'),
(301, 'PRV74YJO1TL', '3', 'Robinson', 'Alexandra', 'ut.aliquam@ut.co.uk', '06 53 99 32 75'),
(302, 'UVB33SJE1HC', '3', 'Gonzalez', 'Luke', 'sit.amet.dapibus@velarcu.edu', '04 39 88 68 21'),
(303, 'FPU27YBR7CL', '4', 'Montgomery', 'Tarik', 'lacinia@ligula.co.uk', '04 32 54 37 13'),
(304, 'GNA27YEH1TQ', '4', 'Bright', 'Jerome', 'non.sollicitudin@dui.com', '02 82 22 45 34'),
(305, 'DHJ34QSJ9CK', '1', 'Bass', 'Jordan', 'nec@interdumnuncsollicitudin.org', '04 83 13 52 14'),
(306, 'PKQ61JTN2FD', '1', 'Callahan', 'Lee', 'viverra.donec@sodales.net', '08 24 15 58 16'),
(307, 'COQ87BYE6EQ', '2', 'Parsons', 'Stewart', 'nullam@interdumnuncsollicitudin.edu', '04 17 84 35 51'),
(308, 'WKN21PDX5TQ', '2', 'Norton', 'Vera', 'mauris.blandit@quisquefringilla.edu', '05 26 16 87 38'),
(309, 'KMK82VPT8OM', '3', 'Faulkner', 'Debra', 'dictum.eu@fuscemollis.org', '03 37 57 92 91'),
(310, 'KQF81UTM3FP', '3', 'Franks', 'Tallulah', 'elementum.dui@donecest.edu', '03 01 73 35 80'),
(311, 'TPU43USH3VJ', '4', 'Hooper', 'Maya', 'tortor.integer.aliquam@pharetra.com', '05 59 25 97 80'),
(312, 'YXE87QEZ6SD', '4', 'Montgomery', 'Cherokee', 'fermentum@mauriserat.edu', '04 86 60 22 77'),
(313, 'BJD71WDH8TJ', '1', 'Grant', 'Justina', 'diam.dictum.sapien@sociosquad.com', '07 58 84 21 65'),
(314, 'YWT59ICM8BV', '1', 'Glenn', 'Perry', 'aenean.massa@urna.edu', '04 73 47 49 52'),
(315, 'MNM04JYK1RB', '2', 'Frye', 'Helen', 'volutpat@nuncest.net', '08 86 84 33 21'),
(316, 'XGM75GJR2CM', '2', 'Haynes', 'Nathaniel', 'aliquet.magna.a@duilectus.net', '01 77 04 87 62'),
(317, 'RUX38ZCV2GR', '3', 'William', 'Sydney', 'molestie.orci@velpede.com', '01 01 16 53 82'),
(318, 'ETL03DUI4XH', '3', 'Flores', 'Xavier', 'amet@sempernam.ca', '07 17 34 37 28'),
(319, 'ITW63DBK4JH', '4', 'Kirby', 'Zelda', 'laoreet.posuere@variusnam.net', '07 72 41 75 74'),
(320, 'IRL70GHX3HN', '4', 'Alford', 'Melodie', 'erat.sed@utlacus.com', '07 37 32 42 58'),
(321, 'UNL43PFL6AY', '1', 'Mclean', 'Martena', 'ipsum.dolor.sit@magnatellus.com', '03 67 42 07 28'),
(322, 'HFE39PAM9MQ', '1', 'Lopez', 'Thor', 'dui.suspendisse@condimentumegetvolutpat.org', '03 89 75 76 94'),
(323, 'EON67RUC4FP', '2', 'Johnston', 'Mannix', 'libero.integer@convallisdolorquisque.edu', '03 45 24 69 74'),
(324, 'UFO70TAL7LQ', '2', 'Downs', 'Neil', 'nulla.integer@egetmetusin.com', '05 42 15 68 03'),
(325, 'KUB72LCC5TU', '3', 'Mckee', 'Ahmed', 'arcu.aliquam@litoratorquent.co.uk', '02 61 12 88 97'),
(326, 'AED47GIJ5HN', '3', 'Simon', 'Kenneth', 'quam.pellentesque@rutrumlorem.net', '01 79 47 75 19'),
(327, 'BTX46SQJ7DC', '4', 'Clark', 'Deirdre', 'dapibus.ligula@nullatempor.ca', '07 93 38 62 17'),
(328, 'BWB10PYM6TV', '4', 'Callahan', 'Maris', 'eleifend.cras@placerataugue.co.uk', '06 52 64 11 85'),
(329, 'KEG76HQV7SD', '1', 'Terrell', 'Shelly', 'eleifend.nunc@orcilobortis.org', '03 07 23 22 45'),
(330, 'GWA44FSQ3NN', '1', 'Wallace', 'Logan', 'mauris@dolordolortempus.org', '04 54 39 36 11'),
(331, 'OWF78RGX0UI', '2', 'Silva', 'Herrod', 'et.magnis@perconubianostra.edu', '09 44 83 72 77'),
(332, 'SVF54QLL5FB', '2', 'Berry', 'Erich', 'urna@ultriciesornare.org', '04 85 53 09 55'),
(333, 'MFS19VIU9TF', '3', 'Mcmahon', 'Darrel', 'elementum.lorem@integerin.co.uk', '06 35 83 24 29'),
(334, 'OIH68XNA3WR', '3', 'Mooney', 'Mari', 'ut@sit.net', '07 60 64 38 84'),
(335, 'CON54JBL2WX', '4', 'Burton', 'Quynn', 'in.scelerisque.scelerisque@acfacilisisfacilisis.net', '03 77 49 75 31'),
(336, 'JMS10WCM3YH', '4', 'Cotton', 'Ahmed', 'vitae.diam@maurisaliquam.net', '06 21 98 36 65'),
(337, 'YOK75RQN4LS', '1', 'Collins', 'Josiah', 'cursus.integer@sedmolestie.net', '07 17 87 84 91'),
(338, 'XNB78QDC6BV', '1', 'Mason', 'Beatrice', 'faucibus.lectus@eu.org', '03 72 75 84 41'),
(339, 'WKM83MQF4YJ', '2', 'Roberson', 'Louis', 'vel@lobortistellus.ca', '06 14 82 69 72'),
(340, 'YGK53ANL4OC', '2', 'Soto', 'Moana', 'etiam.imperdiet@in.edu', '04 48 45 08 02'),
(341, 'TYQ23LBU7KS', '3', 'Benson', 'Jamalia', 'quisque.libero@maurisblandit.edu', '04 54 36 24 51'),
(342, 'HQY28BEO5QK', '3', 'Irwin', 'Damian', 'lorem.fringilla@maecenasmi.com', '03 93 16 68 21'),
(343, 'GPX36LEQ6YZ', '4', 'Gentry', 'Jarrod', 'sed@metusurna.edu', '08 22 55 39 20'),
(344, 'GBX81TVC4GB', '4', 'Huff', 'Leilani', 'in.sodales@volutpatnulladignissim.ca', '03 58 50 78 33'),
(345, 'YUN18ITN3UL', '1', 'Whitaker', 'Leandra', 'sagittis@nullamsuscipit.net', '05 21 35 63 80'),
(346, 'LPJ27FSY7FL', '1', 'Hudson', 'Carol', 'libero@non.org', '08 13 71 15 53'),
(347, 'PCW91VEO4VJ', '2', 'Simpson', 'Lane', 'fames.ac@viverradonectempus.co.uk', '03 39 73 65 03'),
(348, 'MUO42JLX6FY', '2', 'Castillo', 'Kalia', 'at@afelis.ca', '02 43 33 04 16'),
(349, 'WSR72MXC4AG', '3', 'Harmon', 'Curran', 'penatibus.et@metusaenean.edu', '03 94 75 35 34'),
(350, 'YHY34ZDS8NG', '3', 'Morton', 'Myles', 'nunc.quis.arcu@ettristiquepellentesque.ca', '09 74 73 19 42'),
(351, 'RHJ34DXW1RD', '4', 'Burns', 'Penelope', 'risus@sagittisplaceratcras.co.uk', '05 73 14 95 54'),
(352, 'HLJ51KSZ1FQ', '4', 'Ayers', 'Byron', 'phasellus.vitae.mauris@etmalesuada.com', '05 67 42 14 22'),
(353, 'YUI55HPX8FZ', '1', 'Duncan', 'Malachi', 'euismod.urna.nullam@ultriciesdignissim.net', '01 21 05 52 53'),
(354, 'SXD93XEF8SM', '1', 'Gates', 'Barbara', 'nec.metus@rhoncusidmollis.com', '03 35 95 56 70'),
(355, 'FQP16OCA6AQ', '2', 'Fitzgerald', 'Nathaniel', 'ipsum.non@tortordictum.edu', '03 73 88 63 32'),
(356, 'MUM47IQJ4GQ', '2', 'Molina', 'Rebecca', 'tempor@molestiepharetra.co.uk', '09 73 46 71 16'),
(357, 'GSL73OPG2QL', '3', 'Webb', 'Laith', 'venenatis.vel@nullaeu.ca', '08 56 68 75 79'),
(358, 'ZBM05DKG8TN', '3', 'Emerson', 'Helen', 'mi@maurisquisturpis.com', '02 44 44 52 12'),
(359, 'BWV31BEC4LI', '4', 'Valenzuela', 'Joseph', 'duis.gravida@lectusantedictum.org', '09 44 77 71 32'),
(360, 'NCM21UBG6BN', '4', 'Rogers', 'Fitzgerald', 'tristique.ac.eleifend@atfringillapurus.net', '06 49 54 06 76'),
(361, 'CWJ87HPL5LU', '1', 'Rodriquez', 'Louis', 'et.malesuada@integerid.net', '04 86 80 85 74'),
(362, 'AJM37MYA7DM', '1', 'Skinner', 'Karly', 'dignissim.lacus@metusurna.co.uk', '04 83 70 76 12'),
(363, 'HUU58QGL3OL', '2', 'Salinas', 'Dorian', 'adipiscing.non.luctus@aeneansedpede.edu', '03 38 80 53 74'),
(364, 'UBR58YFO4CH', '2', 'Wilkins', 'Ronan', 'torquent.per.conubia@nulladignissim.com', '04 36 30 46 46'),
(365, 'XHH58ZQW4KY', '3', 'Lamb', 'Camden', 'et.rutrum@sociisnatoquepenatibus.net', '03 12 10 71 35'),
(366, 'JFD54CDK4XN', '3', 'Hutchinson', 'Mark', 'mauris@aliquetmolestietellus.co.uk', '06 83 54 13 44'),
(367, 'PTI94JYE4OT', '4', 'Marks', 'Benjamin', 'ultrices.duis.volutpat@metusaliquamerat.edu', '01 35 26 22 26'),
(368, 'UGX85CEQ1QE', '4', 'Mcintosh', 'Jolie', 'odio.auctor@tristiquepharetra.co.uk', '07 52 13 76 12'),
(369, 'UTP73IWX7RG', '1', 'Marshall', 'Josiah', 'egestas.rhoncus@auctorodioa.ca', '05 76 73 81 13'),
(370, 'PWC14JLF5FT', '1', 'Tyler', 'Medge', 'adipiscing.ligula@conubianostra.co.uk', '03 95 27 81 84'),
(371, 'VAC42GMR4TN', '2', 'Fitzgerald', 'Owen', 'augue.porttitor.interdum@odioaliquamvulputate.net', '08 23 16 22 07'),
(372, 'RGU26TNF2QH', '2', 'Lane', 'Magee', 'eu@enimsuspendissealiquet.org', '05 21 62 67 18'),
(373, 'VBI27TIK2TZ', '3', 'Key', 'Wilma', 'felis.adipiscing@nonbibendum.edu', '01 62 64 03 47'),
(374, 'XKS15WFL6OM', '3', 'Mills', 'Shad', 'semper.tellus@atarcu.org', '08 56 38 68 70'),
(375, 'ZPK15UYP4MH', '4', 'Atkinson', 'Rachel', 'aenean.massa.integer@estac.co.uk', '06 98 74 04 81'),
(376, 'SWM33CBE2BP', '4', 'Horn', 'Plato', 'a@morbimetus.co.uk', '06 46 86 12 38'),
(377, 'MNS42PDG7OD', '1', 'Shields', 'Farrah', 'mauris.ut@turpisnonenim.net', '03 74 77 35 12'),
(378, 'EXM43SKT6MV', '1', 'Calhoun', 'Darrel', 'eu.tellus.eu@vivamusmolestiedapibus.com', '06 68 92 48 72'),
(379, 'FXY55QIT5UG', '2', 'Sykes', 'Dustin', 'a.nunc.in@ametorci.com', '03 07 54 88 30'),
(380, 'RAJ21KKV0VF', '2', 'Robertson', 'Lev', 'lobortis.tellus.justo@velvenenatisvel.co.uk', '01 23 42 34 76'),
(381, 'ZKH81SPJ5JH', '3', 'Hooper', 'Ina', 'non.luctus.sit@velarcu.com', '08 42 21 37 63'),
(382, 'YQM13SEM1IN', '3', 'Kaufman', 'Nigel', 'nisi.nibh@pharetraut.ca', '09 23 27 83 57'),
(383, 'LUY91IJD3YV', '4', 'Shepherd', 'Cain', 'vel.lectus.cum@egetlaoreet.com', '08 74 25 03 99'),
(384, 'DJB27XNW3MR', '4', 'Durham', 'Cruz', 'nulla.vulputate@donecconsectetuermauris.edu', '08 96 84 71 82'),
(385, 'NBB10JPE8QU', '1', 'Klein', 'Hammett', 'ultrices.vivamus@nondapibus.net', '03 19 62 75 27'),
(386, 'OBM27ICA4BG', '1', 'Payne', 'Jenette', 'vulputate.eu.odio@ullamcorper.co.uk', '03 01 35 86 95'),
(387, 'VTT65MBS6ZQ', '2', 'Potts', 'Shad', 'tellus.lorem@faucibusidlibero.org', '03 27 70 27 15'),
(388, 'PUH31NSQ1DS', '2', 'Browning', 'Victoria', 'dui.fusce@hendreritdonec.org', '07 45 79 37 63'),
(389, 'LAX70HYY4OF', '3', 'Ferguson', 'Cade', 'maecenas.iaculis@variusorci.org', '09 73 78 54 73'),
(390, 'KBT55WHT4PE', '3', 'Spencer', 'Macon', 'pede@mauris.co.uk', '06 70 93 32 48'),
(391, 'DKF17PZR3YF', '4', 'Nash', 'Graham', 'non.lorem@nequevitae.ca', '06 04 57 14 99'),
(392, 'CSN85EZZ4OP', '4', 'Maddox', 'Ivan', 'dictum.cursus@sedet.org', '02 58 00 66 22'),
(393, 'OUY22UVS7LI', '1', 'Nieves', 'Patrick', 'ante.nunc.mauris@crasdolordolor.net', '04 32 90 39 88'),
(394, 'OIB86DWV0TP', '1', 'Peterson', 'Dane', 'convallis@ornarelectus.co.uk', '05 67 32 23 00'),
(395, 'FQA72BAH1UC', '2', 'Rose', 'Astra', 'nam.nulla.magna@integertincidunt.net', '02 77 45 81 24'),
(396, 'QEB24LLO6IO', '2', 'Keith', 'Savannah', 'nunc.ut@ut.co.uk', '08 34 57 18 51'),
(397, 'WIE41JJJ1SD', '3', 'Ballard', 'Jacqueline', 'congue.a@tellusjusto.co.uk', '05 49 47 85 23'),
(398, 'FGU55FAU0HR', '3', 'Carey', 'Rhiannon', 'justo.proin.non@consequat.ca', '09 27 41 42 56'),
(399, 'AEN28ECX2SY', '4', 'Price', 'Quinn', 'fringilla@nonenim.edu', '07 55 70 28 39'),
(400, 'BBE28TPV0TZ', '4', 'Downs', 'Juliet', 'proin.non@namnulla.edu', '03 14 54 08 22'),
(401, 'UIV63FLW2LN', '1', 'Wilkinson', 'Gail', 'pretium.et.rutrum@acurnaut.co.uk', '06 13 12 21 52'),
(402, 'TGP51BKE8JN', '1', 'Stevens', 'Phyllis', 'dapibus.quam@eget.ca', '09 23 88 95 33'),
(403, 'FKJ25FSW1UQ', '2', 'Bryant', 'Madeson', 'ut@maurissapiencursus.net', '08 88 80 41 73'),
(404, 'WEY74DQV8MS', '2', 'Patel', 'Isaiah', 'lobortis.quis.pede@nisisem.com', '07 44 26 77 86'),
(405, 'LNG05EST5ZJ', '3', 'William', 'Rowan', 'donec.egestas@sociisnatoque.net', '03 80 16 59 65'),
(406, 'ARS35NNI1TF', '3', 'Gardner', 'Carissa', 'etiam.bibendum.fermentum@consectetueradipiscingelit.ca', '04 67 95 78 56'),
(407, 'KAO43NBO6EG', '4', 'Hensley', 'Guy', 'tristique.pellentesque.tellus@vulputatedui.com', '02 75 61 82 78'),
(408, 'RWX92UQW5BI', '4', 'Cross', 'Iris', 'aenean.gravida@nonummyut.co.uk', '04 68 27 49 75'),
(409, 'OOX13OPO3RP', '1', 'Osborne', 'Shelly', 'est.nunc@sedmolestie.net', '08 51 62 75 34'),
(410, 'WPL85UGP8NH', '1', 'Garza', 'Emi', 'velit.sed@adipiscing.com', '03 87 23 00 80'),
(411, 'ALU88TNW8CJ', '2', 'Holmes', 'Troy', 'aenean@estac.ca', '07 34 82 43 36'),
(412, 'KXJ77VRF7DG', '2', 'Hays', 'James', 'vulputate@iaculis.co.uk', '01 17 18 73 69'),
(413, 'CCT48YCK8SW', '3', 'Underwood', 'Allen', 'duis@orciconsectetuer.com', '06 83 37 57 09'),
(414, 'RUO53UMV6IX', '3', 'Coleman', 'Olivia', 'non@donec.org', '05 33 45 76 87'),
(415, 'SLB37NAO8WO', '4', 'Kaufman', 'Aquila', 'pellentesque.tellus@arcu.net', '05 45 83 45 30'),
(416, 'WXK74LJW5SP', '4', 'Boone', 'Alana', 'sit.amet@maurisblandit.ca', '08 76 26 43 75'),
(417, 'MNE19MGB3MM', '1', 'Peck', 'Marsden', 'posuere@morbi.net', '08 05 52 16 58'),
(418, 'OES76ZQP2RE', '1', 'Ayala', 'Eagan', 'amet.massa@amet.net', '04 56 73 52 32'),
(419, 'OQS24WVO1VJ', '2', 'Tanner', 'Dexter', 'ac.fermentum@risusatfringilla.com', '04 76 31 83 67'),
(420, 'BMF35SVV8ZD', '2', 'Petersen', 'Zephr', 'enim.nisl@maurissuspendissealiquet.ca', '06 00 57 64 49'),
(421, 'MAJ13DOV4HL', '3', 'Summers', 'Samson', 'velit.cras@ligulaaliquam.edu', '02 76 83 01 42'),
(422, 'QPQ43EYC2XF', '3', 'Perez', 'Allistair', 'quis.massa@nasceturridiculusmus.edu', '06 94 84 88 42'),
(423, 'VWG33PCW9FH', '4', 'King', 'Cailin', 'hendrerit.neque@tellus.net', '01 03 26 23 28'),
(424, 'BRI55NLX2LT', '4', 'Alvarez', 'Winter', 'turpis.egestas@odioapurus.co.uk', '04 23 65 66 28'),
(425, 'HFN32DRL6DN', '1', 'Kirkland', 'Lucius', 'neque.vitae@interdumnunc.com', '04 87 85 55 24'),
(426, 'XLR47BYJ2YX', '1', 'Fleming', 'Tanya', 'primis.in.faucibus@vestibulummassa.co.uk', '06 78 66 25 83'),
(427, 'ETB61CIK8KK', '2', 'Nelson', 'Jescie', 'eget.dictum@mattis.edu', '05 17 20 43 41'),
(428, 'NJY77TBS1BJ', '2', 'Thornton', 'Dai', 'suscipit.nonummy.fusce@velitdui.co.uk', '04 21 56 69 71'),
(429, 'QTV55BOG2ER', '3', 'Key', 'Geoffrey', 'accumsan.laoreet@rutrum.co.uk', '09 76 16 73 47'),
(430, 'QMQ22LBD5DM', '3', 'Lawson', 'Kylie', 'sed.nec@metusaliquam.co.uk', '08 56 43 71 15'),
(431, 'SWJ83PBS4TS', '4', 'Sherman', 'Marah', 'aliquam.eu@aliquamadipiscing.co.uk', '03 29 83 86 57'),
(432, 'RRE84EPU3OO', '4', 'Holland', 'Cody', 'auctor.odio@maurisvestibulum.co.uk', '05 76 57 20 06'),
(433, 'KGK67WIK6VA', '1', 'Stanton', 'Dominique', 'massa.integer.vitae@magna.com', '04 15 62 77 71'),
(434, 'QJR46SWB9QW', '1', 'Contreras', 'Ariana', 'dui.semper.et@nequepellentesque.org', '07 16 47 28 59'),
(435, 'WRQ11GYQ3CF', '2', 'Randolph', 'Nadine', 'diam.luctus.lobortis@eu.com', '02 64 91 16 79'),
(436, 'BGC26BMU7XA', '2', 'Wyatt', 'Daryl', 'mattis.cras@tempor.com', '05 86 97 34 86'),
(437, 'FIR43MHA2NY', '3', 'Prince', 'Chaney', 'sed.sem@faucibusutnulla.co.uk', '02 36 32 31 31'),
(438, 'GEL47PDG8GZ', '3', 'Fletcher', 'Desirae', 'sed.eu@idrisus.com', '02 35 87 82 01'),
(439, 'KMC45NWP3ZL', '4', 'Salinas', 'Kai', 'sit.amet@pellentesqueultriciesdignissim.net', '05 22 38 28 94'),
(440, 'DEY42DNL2HP', '4', 'Fuentes', 'Teagan', 'enim.consequat@nibhlaciniaorci.ca', '09 21 62 35 56'),
(441, 'XHN84QVT4ZP', '1', 'Cooley', 'Signe', 'consectetuer@consectetuer.com', '02 49 11 32 85'),
(442, 'XOR11LVR6EP', '1', 'Bray', 'Mark', 'enim.mauris@ultricesmauris.org', '03 30 73 48 39'),
(443, 'NZK83EXW3XX', '2', 'Cervantes', 'Myra', 'est@aceleifend.edu', '03 03 14 55 54'),
(444, 'CTT50HDJ6YM', '2', 'Payne', 'Angelica', 'malesuada@natoquepenatibus.co.uk', '05 58 62 77 52'),
(445, 'VTL72WSJ3PK', '3', 'Glenn', 'Seth', 'eget.varius@sed.ca', '07 26 87 69 62'),
(446, 'YYM39HHG1XE', '3', 'Barrera', 'Priscilla', 'aliquam.eu@ante.com', '01 45 58 87 02'),
(447, 'VXP14PBT0VS', '4', 'Cochran', 'Adena', 'phasellus@sodalesnisi.net', '04 67 28 36 15'),
(448, 'KSH51EVG4CS', '4', 'Walter', 'Cherokee', 'nec.ligula@elitelit.edu', '04 72 33 74 71'),
(449, 'SDS73TSG3JF', '1', 'Fields', 'Marcia', 'lorem.eget@velnisl.co.uk', '05 83 60 58 49'),
(450, 'COQ71MHH3BN', '1', 'Holden', 'Ayanna', 'pellentesque.habitant@vulputateposuerevulputate.edu', '01 05 13 50 07'),
(451, 'XZX41HTP1NE', '2', 'Cooley', 'Linus', 'a.malesuada@imperdietnecleo.ca', '08 77 67 37 12'),
(452, 'XPO88WHE4LL', '2', 'Noble', 'Shana', 'adipiscing.fringilla@nullavulputatedui.ca', '02 36 74 02 18'),
(453, 'GSL31OTS1EE', '3', 'Simpson', 'Shafira', 'lectus.pede@loremipsumdolor.ca', '04 75 33 57 68'),
(454, 'ZVQ41VXO4MR', '3', 'Schwartz', 'Kennedy', 'euismod@fuscedolor.edu', '03 76 01 67 89'),
(455, 'NIL51PRV9VQ', '4', 'Stein', 'Nyssa', 'sed.malesuada@amet.edu', '02 42 14 88 33'),
(456, 'FJI76WGH1NN', '4', 'Hurley', 'Mercedes', 'amet.consectetuer@sit.net', '07 18 25 17 21'),
(457, 'XKP46GAL3WU', '1', 'Mccoy', 'Fiona', 'tristique@vel.ca', '02 94 25 55 94'),
(458, 'KBR67NEE7OB', '1', 'Hicks', 'Hiram', 'ornare.egestas@tortornibh.org', '04 71 03 79 50'),
(459, 'KEK29EHW1GP', '2', 'Lott', 'Xenos', 'vel@tellusphasellus.ca', '06 73 61 29 77'),
(460, 'PIM56ZXG5HV', '2', 'Jennings', 'Emmanuel', 'nulla@praesenteu.ca', '06 19 48 62 00'),
(461, 'WCV31QLA5YL', '3', 'Molina', 'Abigail', 'dictum.placerat@orci.co.uk', '05 90 27 23 03'),
(462, 'UMW14YDX7MU', '3', 'Morgan', 'Leroy', 'vivamus@ipsumac.ca', '04 52 68 67 36'),
(463, 'VNP56WON5US', '4', 'Wallace', 'Leilani', 'aliquam.auctor@aliquetvel.org', '08 05 38 82 23'),
(464, 'ZLI43BVG0GD', '4', 'Glover', 'Gray', 'in@urnaconvalliserat.com', '02 40 61 20 63'),
(465, 'DRK77SIC5TI', '1', 'Maynard', 'Alana', 'mauris.vel@veliteusem.org', '05 81 87 06 85'),
(466, 'JTR88URR0HO', '1', 'Noel', 'Shoshana', 'amet.consectetuer@nunc.net', '09 70 26 73 65'),
(467, 'LJH61PUT5JY', '2', 'Bennett', 'Jin', 'ornare.lectus@insodaleselit.edu', '02 41 81 65 72'),
(468, 'VSV13IZO0TB', '2', 'Conley', 'Helen', 'semper.et.lacinia@donec.edu', '04 33 57 71 53'),
(469, 'OYL47DYO1NT', '3', 'Lindsey', 'Marcia', 'urna@atliberomorbi.org', '09 84 77 77 48'),
(470, 'DVU92SDQ0PT', '3', 'Justice', 'Autumn', 'congue.elit.sed@rhoncusproin.net', '01 91 72 43 73'),
(471, 'XBQ13FWO1UR', '4', 'Willis', 'Mara', 'ac.mi.eleifend@enimsednulla.edu', '02 17 43 83 14'),
(472, 'JQD45IGT4RB', '4', 'Mitchell', 'Kylee', 'ullamcorper@donecluctusaliquet.com', '06 58 37 26 60'),
(473, 'EQS74BLP8KW', '1', 'Mcgowan', 'Myra', 'nonummy@etrisus.edu', '02 63 31 42 47'),
(474, 'GYB43YAQ3MQ', '1', 'Whitehead', 'Kimberley', 'lorem@dui.ca', '05 53 26 67 62'),
(475, 'XXV24JSR8PJ', '2', 'Henry', 'Nasim', 'amet.ornare@musaeneaneget.com', '07 65 98 49 74'),
(476, 'BXJ36KQE4IH', '2', 'Donaldson', 'Nathaniel', 'commodo@sed.co.uk', '05 18 03 46 26'),
(477, 'XYF72WQV8WE', '3', 'Irwin', 'Nichole', 'luctus.felis@elitpharetraut.net', '01 41 93 20 25'),
(478, 'KGP40HMX8PA', '3', 'Adkins', 'Simone', 'bibendum.ullamcorper@dapibusidblandit.co.uk', '08 65 68 54 16'),
(479, 'IJV76NHC4WE', '4', 'Floyd', 'Raya', 'a@commodohendrerit.net', '05 51 47 35 22'),
(480, 'VGS44UFE6HF', '4', 'Burch', 'Quentin', 'ante@diamnuncullamcorper.org', '05 63 35 21 45'),
(481, 'CYX14LXL4PN', '1', 'Sims', 'Leilani', 'ornare.elit@scelerisquemollis.net', '04 38 78 61 78'),
(482, 'HWQ51BWU5PS', '1', 'Joseph', 'Berk', 'tristique@aliquam.edu', '09 18 75 13 80'),
(483, 'IUY60REN7XL', '2', 'Frank', 'Kevyn', 'auctor.nunc@duicumsociis.edu', '07 58 73 31 65'),
(484, 'TLN33SEK0ON', '2', 'Hood', 'Ryan', 'gravida.sit.amet@nuncestmollis.edu', '03 46 55 71 77'),
(485, 'MBU65NAQ9YL', '3', 'Mann', 'Maile', 'mus.proin.vel@primisin.net', '03 77 14 88 64'),
(486, 'RQK26EVT2YB', '3', 'Yates', 'Carlos', 'bibendum.donec@faucibusorciluctus.org', '07 86 65 92 23'),
(487, 'ZRF41MWN7VT', '4', 'Wilkins', 'Brenna', 'cras.vulputate.velit@ullamcorperviverramaecenas.com', '04 18 88 32 01'),
(488, 'DRS47EOX3TQ', '4', 'Kramer', 'Ursa', 'consequat.auctor.nunc@nunc.co.uk', '05 79 66 24 29'),
(489, 'RDP50OUN4VK', '1', 'Herrera', 'Liberty', 'dolor.egestas.rhoncus@turpisnon.co.uk', '01 14 32 48 23'),
(490, 'WDQ91PSZ8SE', '1', 'Hodge', 'Ainsley', 'etiam@liberomaurisaliquam.org', '08 16 12 15 74'),
(491, 'FQO07IPD3DX', '2', 'Hinton', 'Cameron', 'pellentesque.habitant@donec.org', '08 88 33 63 83'),
(492, 'RZT32YTP8KE', '2', 'Freeman', 'Bethany', 'elit.dictum@sodaleseliterat.org', '04 10 27 65 56'),
(493, 'JEF92ZMR3RV', '3', 'Huber', 'Andrew', 'conubia@molestie.com', '06 22 21 36 82'),
(494, 'WAO35FNO2VP', '3', 'Compton', 'Nathan', 'ut.semper@suspendisse.co.uk', '05 65 31 86 89'),
(495, 'HGG55HCE7SS', '4', 'Rogers', 'Emily', 'posuere.enim.nisl@acrisus.edu', '08 41 51 85 36'),
(496, 'HQC18ZNY8XB', '4', 'Hancock', 'Orli', 'enim.condimentum@etmagnis.net', '07 36 18 23 23'),
(497, 'EJI82RLE5FA', '1', 'O\'donnell', 'Merritt', 'enim.nec.tempus@euerat.co.uk', '04 48 46 47 62'),
(498, 'SXE54QES0BK', '1', 'Griffin', 'Wesley', 'urna.vivamus@consectetueradipiscingelit.net', '08 63 47 64 62'),
(499, 'HYE93QFA2EP', '2', 'Wright', 'Rosalyn', 'facilisis.eget@nonummy.net', '01 72 81 85 81'),
(500, 'EUB43DDV7CM', '2', 'Lott', 'Judith', 'id.magna.et@lacusetiam.edu', '04 54 65 18 22'),
(501, 'VWH22LYD7PP', '1', 'Clemons', 'Jason', 'auctor.quis@quama.com', '02 42 67 86 48'),
(502, 'UKU68EKI7PW', '1', 'Acosta', 'Brennan', 'dictum@sapiencursus.net', '03 69 28 61 14'),
(503, 'WEZ53NZQ1HS', '2', 'Curtis', 'Boris', 'sociis.natoque.penatibus@duinec.org', '07 26 41 82 74'),
(504, 'VHS21JNN2BX', '2', 'Jenkins', 'Xander', 'mauris@rhoncusdonec.edu', '07 97 81 35 27'),
(505, 'HOQ88LEK1WH', '3', 'Johnson', 'Bianca', 'integer.vulputate@sedturpis.ca', '03 87 22 41 03'),
(506, 'AUT50IEJ4DS', '3', 'Davenport', 'Adele', 'montes@eratetiam.org', '07 98 22 62 51'),
(507, 'EYW34SPZ7PW', '4', 'Dixon', 'Kelly', 'integer@noncursusnon.com', '09 38 50 31 70'),
(508, 'SKN60AUG3OB', '4', 'Chambers', 'Aurelia', 'iaculis@sitametfaucibus.net', '08 26 25 08 13'),
(509, 'UCV48NIT2AC', '1', 'Holt', 'Eric', 'velit@asollicitudin.co.uk', '04 44 05 67 56'),
(510, 'BGK11BXT7DI', '1', 'Roach', 'Clementine', 'nisi.sem.semper@duisacarcu.net', '05 11 47 10 03'),
(511, 'UPJ00LJL8DV', '2', 'Walton', 'Akeem', 'quis.urna.nunc@convallisin.edu', '05 58 41 99 48'),
(512, 'JTM40SKX8OT', '2', 'Livingston', 'Fletcher', 'risus.at@ametnulla.edu', '02 51 67 65 10'),
(513, 'HKN51PSY8IY', '3', 'Church', 'Cally', 'a@massainteger.net', '06 78 32 47 82'),
(514, 'HHB78OXX5SQ', '3', 'Mccoy', 'Frances', 'rutrum.non@estacmattis.edu', '06 21 43 46 80'),
(515, 'KKR65YQY6KW', '4', 'Macdonald', 'Basil', 'purus.nullam@etmagnisdis.edu', '04 92 96 94 29'),
(516, 'MJP34GKH6PF', '4', 'Oliver', 'Bryar', 'enim.etiam@felisnulla.org', '04 42 69 28 68'),
(517, 'MRH74ZON4TV', '1', 'Tillman', 'Christian', 'ornare.lectus@nasceturridiculusmus.edu', '06 16 61 63 69'),
(518, 'GFT68YKA5HK', '1', 'Jefferson', 'Nolan', 'a.feugiat@facilisismagna.edu', '05 88 45 76 06'),
(519, 'MKM60PGO9PO', '2', 'Wise', 'Amela', 'nullam.enim@pharetranam.edu', '03 35 59 12 17'),
(520, 'UFB31CPD7LW', '2', 'Berry', 'Rhoda', 'in.aliquet@adipiscing.ca', '03 15 69 87 87'),
(521, 'KAO53QOB5BF', '3', 'Rodriquez', 'Tanya', 'tincidunt.neque@sitametrisus.org', '08 21 76 85 27'),
(522, 'IUP23UJE3PP', '3', 'Kaufman', 'Orlando', 'vel@malesuadavel.net', '08 26 17 23 22'),
(523, 'TPI95KJP7YC', '4', 'Wagner', 'Wylie', 'quam.curabitur@senectus.co.uk', '09 48 29 75 77'),
(524, 'ITB29QHV8XX', '4', 'Moody', 'Cruz', 'dui.nec@nuncid.com', '07 31 10 71 32'),
(525, 'KQZ05RGQ0HD', '1', 'Castillo', 'Kathleen', 'ac.mattis@taciti.com', '09 17 75 67 28'),
(526, 'GXT78PQY6RI', '1', 'Chapman', 'Arthur', 'scelerisque.neque@felis.ca', '09 18 57 15 32'),
(527, 'RNG13KTO1DW', '2', 'Castaneda', 'Debra', 'dapibus.quam@metusinnec.co.uk', '04 32 67 10 73'),
(528, 'ORF25OHC7VE', '2', 'Waller', 'Geoffrey', 'nullam.ut.nisi@dapibusrutrumjusto.ca', '09 78 57 52 36');
INSERT INTO `t_participant_par` (`par_id`, `par_chainecar`, `par_typepass`, `par_nom`, `par_prenom`, `par_email`, `par_tel`) VALUES
(529, 'YCI79GJQ5NG', '3', 'Carlson', 'Garrett', 'pharetra.ut@placerataugue.org', '05 90 13 42 67'),
(530, 'FDB34LIN9PS', '3', 'Hogan', 'Kitra', 'risus.nunc@dictumeuplacerat.edu', '03 22 35 43 80'),
(531, 'FCK22KVK8ET', '4', 'Whitehead', 'Wang', 'phasellus@ullamcorper.net', '05 74 69 62 83'),
(532, 'EOR10LQH0EJ', '4', 'Kaufman', 'Mallory', 'suspendisse.sagittis.nullam@montesnascetur.edu', '03 60 82 23 21'),
(533, 'OWM74JFW9YL', '1', 'Morrison', 'Jenette', 'nunc.mauris@curabitur.org', '09 85 83 20 05'),
(534, 'JJF30NIB1TC', '1', 'Faulkner', 'Ivor', 'tellus.aenean.egestas@etultricesposuere.org', '02 97 35 96 98'),
(535, 'HCI48VIH8TF', '2', 'Witt', 'Russell', 'aliquam.rutrum@inconsectetuer.co.uk', '02 82 37 03 24'),
(536, 'HRJ22VTN3XJ', '2', 'Thomas', 'Mariko', 'phasellus.fermentum@velturpis.net', '03 42 47 61 33'),
(537, 'OKX27BXV4IK', '3', 'William', 'Dustin', 'purus.sapien@non.ca', '03 35 84 56 31'),
(538, 'FHD27RYN3FF', '3', 'Morin', 'Shelby', 'non@utlacus.ca', '02 47 87 59 09'),
(539, 'UGG56XRC7HO', '4', 'Padilla', 'Gary', 'vel.pede@maurismagnaduis.edu', '06 23 13 28 67'),
(540, 'VSC14HME7IT', '4', 'Stephens', 'Ursula', 'aliquet.odio@curabiturut.net', '08 98 66 73 44'),
(541, 'KPI01HYB8OR', '1', 'Aguirre', 'Judith', 'gravida.aliquam.tincidunt@penatibusetmagnis.org', '06 58 12 72 12'),
(542, 'MBS75DYV2BB', '1', 'Horne', 'Lavinia', 'in@arcumorbi.org', '01 85 25 91 66'),
(543, 'BBN86TJI3MR', '2', 'Cannon', 'Driscoll', 'sed.pede@quispede.edu', '08 54 59 73 58'),
(544, 'UYY67ITC2XR', '2', 'Singleton', 'Colleen', 'dolor.dolor.tempus@variusorci.edu', '04 73 32 27 75'),
(545, 'UJX85QBN0DO', '3', 'Copeland', 'Dai', 'a@nullavulputate.edu', '04 92 47 24 03'),
(546, 'LPP25HPC6CB', '3', 'Reed', 'Nicholas', 'velit.aliquam@vitae.co.uk', '08 72 87 28 33'),
(547, 'BBF40XTH4EK', '4', 'Vargas', 'Marsden', 'fusce@adipiscingelit.edu', '05 52 83 47 52'),
(548, 'LRO79BGI9AT', '4', 'Rose', 'Althea', 'tempor.erat@lacusvestibulumlorem.ca', '04 63 40 85 73'),
(549, 'TVM36QLQ6FC', '1', 'Green', 'Xaviera', 'erat.nonummy@eget.net', '03 09 29 84 47'),
(550, 'OAN82VUK2HD', '1', 'Burris', 'Felix', 'malesuada.fames@tempuslorem.edu', '07 91 16 24 01'),
(551, 'EPH83HYB5XU', '2', 'Mcbride', 'Rachel', 'natoque@dictumproin.edu', '03 35 77 45 94'),
(552, 'SXN31KMO7GM', '2', 'Mcclain', 'Jena', 'scelerisque.mollis.phasellus@nuncmauris.org', '04 65 44 45 91'),
(553, 'ZQY88JIX5PI', '3', 'Dickerson', 'Carl', 'cras@dictumplacerat.ca', '06 41 61 17 77'),
(554, 'UGW53JQD8LH', '3', 'Whitehead', 'Marah', 'malesuada.vel.venenatis@curae.net', '05 88 84 43 41'),
(555, 'MCK65QSL2YF', '4', 'Macdonald', 'Brenna', 'feugiat@aenimsuspendisse.edu', '06 59 61 38 42'),
(556, 'XDL02RUV2CL', '4', 'Pitts', 'Joel', 'mauris.nulla@massalobortis.edu', '07 59 54 61 37'),
(557, 'XXL80MON3RY', '1', 'Conner', 'Christen', 'eget.odio@euplacerat.com', '05 51 38 57 47'),
(558, 'THV73WIO2IW', '1', 'Dejesus', 'Caesar', 'etiam.bibendum.fermentum@maurisvestibulum.edu', '04 46 87 21 83'),
(559, 'GMG13JLI5VS', '2', 'Madden', 'Oleg', 'tellus@tristique.ca', '02 75 88 05 03'),
(560, 'YRL81DWR6DU', '2', 'Graves', 'Grant', 'laoreet.ipsum@vivamusnon.net', '03 41 24 22 26'),
(561, 'YST76HRR3GM', '3', 'Mcgowan', 'Kane', 'at.lacus.quisque@nulla.edu', '08 06 03 65 56'),
(562, 'WLP63YVJ1LK', '3', 'Tyler', 'Gavin', 'ligula@adipiscingelit.edu', '05 39 37 56 42'),
(563, 'BNR64TPQ3RO', '4', 'Colon', 'Price', 'quam.quis@curae.co.uk', '09 56 27 51 17'),
(564, 'PTQ43EYJ1FX', '4', 'Hudson', 'Judah', 'commodo.at@ullamcorpernisl.edu', '02 47 52 88 18'),
(565, 'FNV02HGW3QN', '1', 'Hart', 'Bradley', 'lacinia@duicras.edu', '04 75 81 55 66'),
(566, 'XAS46DVP8WO', '1', 'Padilla', 'Orlando', 'risus.quis@bibendumfermentum.co.uk', '02 32 81 74 36'),
(567, 'WKH62WPR3XX', '2', 'Klein', 'Griffith', 'vestibulum.neque.sed@ipsum.edu', '01 11 84 96 27'),
(568, 'HCF33AES2QO', '2', 'May', 'Elliott', 'eu.neque@turpisvitae.com', '02 52 66 38 29'),
(569, 'YCN37ROG1VW', '3', 'Cox', 'Geraldine', 'sed.auctor.odio@atnisi.co.uk', '04 34 79 73 86'),
(570, 'VCN98ZWQ4LL', '3', 'Shepherd', 'Derek', 'libero.proin@ridiculusmus.org', '06 21 22 53 54'),
(571, 'MRN31XKW5EF', '4', 'Whitfield', 'Hedda', 'erat.nonummy@erosnec.com', '02 65 28 59 24'),
(572, 'LQF11XXG5ON', '4', 'Mcintyre', 'Felix', 'etiam@nunc.net', '05 33 74 38 53'),
(573, 'KNS39QZE7AD', '1', 'Lucas', 'Abraham', 'velit.eu.sem@egestashendrerit.edu', '09 81 43 23 53'),
(574, 'TFM61OMF4ML', '1', 'Workman', 'Teegan', 'habitant.morbi@ornare.net', '02 48 57 59 27'),
(575, 'QIO76TGT1BI', '2', 'Raymond', 'Blossom', 'diam.sed@a.edu', '04 62 13 51 16'),
(576, 'DYS47GXQ1BO', '2', 'Cook', 'John', 'et@etiam.co.uk', '02 12 48 64 58'),
(577, 'RSV56XHO1DX', '3', 'Kline', 'Harrison', 'purus.gravida.sagittis@arcuvelquam.co.uk', '07 34 44 52 72'),
(578, 'MYV66UJU9SZ', '3', 'Head', 'Teegan', 'tincidunt.nunc@ametlorem.net', '03 41 20 76 56'),
(579, 'KDB67STJ9HD', '4', 'Porter', 'India', 'vestibulum.ut@maecenasliberoest.net', '04 88 11 15 27'),
(580, 'VQJ55RVM5ER', '4', 'Horne', 'Tate', 'pede.nunc@enimgravida.org', '05 55 93 30 66'),
(581, 'VHL17NNS1OI', '1', 'Bates', 'Camden', 'tincidunt.adipiscing@magnaphasellus.net', '02 14 83 40 80'),
(582, 'GTL51SSN1GH', '1', 'Cameron', 'Xena', 'lacus.varius@aliquetlobortis.ca', '09 41 35 96 41'),
(583, 'GNJ73XGN9WH', '2', 'Workman', 'Isabelle', 'at.augue@donecat.co.uk', '06 40 10 51 20'),
(584, 'EJY35ZIC4CZ', '2', 'Norman', 'Isadora', 'augue.id.ante@tellus.edu', '05 76 63 94 97'),
(585, 'PGG58YEM0HW', '3', 'Beasley', 'Tiger', 'nisi@sempellentesque.ca', '04 70 42 86 12'),
(586, 'LZL29KOA0VN', '3', 'Head', 'Mark', 'fusce.diam@congue.ca', '07 28 88 63 40'),
(587, 'BHT45RQG8LE', '4', 'Caldwell', 'Grant', 'dolor.fusce@quistristique.net', '09 92 88 43 52'),
(588, 'GJT84YXO2JX', '4', 'Huff', 'Ebony', 'nisl.sem@crasconvallis.edu', '07 33 87 32 78'),
(589, 'CLI29QXF4LV', '1', 'Gonzales', 'Rogan', 'massa.non.ante@etiamlaoreet.edu', '05 57 56 20 37'),
(590, 'VBF46QVI8MR', '1', 'Marsh', 'Willow', 'vel.venenatis@neque.edu', '03 26 07 87 85'),
(591, 'BLW06KUL6KS', '2', 'Graham', 'Cameron', 'lorem.tristique@ametorciut.com', '02 46 05 16 77'),
(592, 'NUI53GMR5OR', '2', 'Orr', 'Slade', 'luctus.et.ultrices@ridiculus.edu', '08 38 82 32 68'),
(593, 'TSV68OUT5AI', '3', 'Hartman', 'Dolan', 'primis.in@lacusvariuset.edu', '02 45 75 44 77'),
(594, 'MXW18HPK0UR', '3', 'Schneider', 'Joshua', 'non@quamquis.net', '08 72 80 35 51'),
(595, 'MEK12XHE9QJ', '4', 'Boyle', 'Iola', 'varius.ultrices@montesnasceturridiculus.org', '06 92 47 44 87'),
(596, 'PIX58FDO9LY', '4', 'Lowery', 'Amos', 'iaculis.lacus@consequatdolorvitae.org', '04 80 04 48 54'),
(597, 'NPL60BTF8QX', '1', 'Sweet', 'Minerva', 'nulla.integer.vulputate@tortornunccommodo.net', '06 13 36 56 52'),
(598, 'BLJ54GEB2XO', '1', 'Fisher', 'Graham', 'posuere.at.velit@nisiaenean.edu', '01 01 16 23 31'),
(599, 'VQQ21LQX5PW', '2', 'Keller', 'Blaze', 'pharetra.sed@lacusnulla.edu', '07 00 42 47 17'),
(600, 'SDE81PUV5CG', '2', 'Hoover', 'Emery', 'et.lacinia.vitae@duisdignissim.co.uk', '04 72 85 15 25'),
(601, 'TEI52KXB0SX', '3', 'Mullen', 'Kiona', 'ac.tellus@nonquam.ca', '05 23 58 22 84'),
(602, 'ZOJ60TDC3RU', '3', 'Benton', 'Ahmed', 'hymenaeos.mauris@rutrum.net', '07 85 74 22 13'),
(603, 'VSN48DUH2XM', '4', 'Perry', 'Deacon', 'et.malesuada@purusmaecenas.co.uk', '06 07 72 21 48'),
(604, 'WKR41MRN6OC', '4', 'Franco', 'Zachery', 'elit.etiam.laoreet@eget.edu', '05 96 49 52 53'),
(605, 'ROP62LKE2YS', '1', 'Guzman', 'Meredith', 'purus@duifuscediam.edu', '07 25 74 61 43'),
(606, 'QMD65HGT5JW', '1', 'Weiss', 'Noah', 'lobortis.tellus.justo@erat.org', '06 09 26 38 32'),
(607, 'MJB74TAD2YS', '2', 'Shepherd', 'Jamalia', 'sociis.natoque@nisi.edu', '04 12 41 80 39'),
(608, 'MWF17VMS4BJ', '2', 'Rasmussen', 'Callum', 'molestie@magnanec.co.uk', '04 72 71 52 83'),
(609, 'WVN67BTJ4SL', '3', 'Lott', 'Addison', 'ligula.tortor@penatibuset.org', '05 83 12 26 07'),
(610, 'FBV42QKA7SY', '3', 'Jones', 'Amber', 'velit.eu@vivamusnisimauris.org', '02 43 38 56 96'),
(611, 'JRL51MPH7EO', '4', 'Mcgee', 'Ifeoma', 'ornare.in.faucibus@utcursus.ca', '04 76 05 70 73'),
(612, 'FKT14QCF3IS', '4', 'Patterson', 'Alexandra', 'in.felis.nulla@inlobortis.com', '02 53 54 37 32'),
(613, 'JKD37XYX4RU', '1', 'Horne', 'Alyssa', 'nunc.commodo.auctor@pellentesquehabitantmorbi.edu', '05 48 70 34 53'),
(614, 'FOU65WRJ7JL', '1', 'Gill', 'Flavia', 'vivamus.non@infelis.org', '08 34 30 45 80'),
(615, 'PVK23IVI2PH', '2', 'Bennett', 'Flynn', 'ac@aeneangravidanunc.org', '04 68 27 81 84'),
(616, 'CGH75IVO2KS', '2', 'Steele', 'Alec', 'consectetuer.ipsum.nunc@sednecmetus.org', '06 36 17 58 25'),
(617, 'DJF94YUO6XQ', '3', 'Hampton', 'Reuben', 'ligula.nullam.enim@nec.ca', '04 25 29 63 88'),
(618, 'WVD68CVX2OI', '3', 'Henson', 'Rogan', 'nascetur.ridiculus@ettristique.edu', '03 55 75 54 61'),
(619, 'UQG75TRH0WS', '4', 'Galloway', 'Calista', 'morbi.metus@ipsumcursus.org', '06 11 56 56 62'),
(620, 'NNR74BJM8HH', '4', 'Snow', 'Ori', 'sit@magnaduis.com', '08 89 39 93 07'),
(621, 'NLK74BTF3XE', '1', 'Wright', 'Emi', 'eget@elementum.org', '06 10 31 18 17'),
(622, 'JFJ33EJC3WD', '1', 'Powers', 'Raya', 'cursus@cras.net', '01 22 96 61 34'),
(623, 'PIP34RCW4QB', '2', 'Koch', 'Noelle', 'nostra.per@sitamet.net', '02 34 76 50 21'),
(624, 'VTT98UGK4OT', '2', 'Puckett', 'Daphne', 'urna.vivamus@quistristiqueac.net', '07 66 76 78 72'),
(625, 'APX67JJC8BV', '3', 'Freeman', 'Jillian', 'magna@nonsollicitudina.com', '07 46 17 82 61'),
(626, 'VVS86TVL9LU', '3', 'Ayala', 'Jelani', 'nulla.vulputate@fusce.edu', '05 95 34 32 48'),
(627, 'NSW72CQC5EX', '4', 'Maxwell', 'Roth', 'sed.neque@vulputatelacus.net', '04 07 03 87 66'),
(628, 'YTX07ESR8ZX', '4', 'Rodriguez', 'Tanner', 'tellus.nunc@aaliquet.org', '01 22 61 61 75'),
(629, 'CBU33RUF7GO', '1', 'Spence', 'Graham', 'vel.nisl@arcuvelquam.com', '06 36 23 55 67'),
(630, 'KDH71ONC3KN', '1', 'Riley', 'Jescie', 'suscipit.nonummy@arcuvestibulumante.co.uk', '07 15 71 24 34'),
(631, 'EWV84FLF0PN', '2', 'Hewitt', 'Harrison', 'lacus.varius.et@nequepellentesque.ca', '07 75 27 36 39'),
(632, 'OVN42XNY4TW', '2', 'Doyle', 'Nigel', 'pellentesque.a.facilisis@sedpede.com', '05 45 31 41 74'),
(633, 'DQB74SSV3WP', '3', 'Waller', 'Alma', 'montes.nascetur@acsem.com', '04 35 26 04 25'),
(634, 'FFB92TNP4EV', '3', 'Black', 'Ira', 'et.euismod.et@lacusaliquam.org', '05 98 34 07 71'),
(635, 'PWB66FTE7MK', '4', 'Hale', 'Candace', 'aliquam.adipiscing@iaculislacuspede.com', '03 54 26 46 68'),
(636, 'DYF05ILU7GN', '4', 'Joyce', 'Graiden', 'quam.curabitur@pedenonummyut.edu', '03 36 43 28 97'),
(637, 'HLE22VXK5TS', '1', 'Aguilar', 'Clayton', 'morbi.accumsan.laoreet@aarcu.edu', '05 54 93 35 14'),
(638, 'PTS49CMW5RU', '1', 'Daniels', 'Raven', 'cum.sociis.natoque@loremeu.ca', '06 16 28 18 82'),
(639, 'QAG68ETX2FO', '2', 'Mcknight', 'Xander', 'in@nonummyipsum.co.uk', '03 54 58 82 60'),
(640, 'FLS28UUE6FC', '2', 'Hurley', 'Michael', 'lorem.fringilla@telluslorem.org', '05 57 52 54 22'),
(641, 'NKL64QYH3UR', '3', 'Ayala', 'Nyssa', 'et.rutrum@nibhsitamet.edu', '04 52 36 82 72'),
(642, 'SZH46SQP5VU', '3', 'Strong', 'Charity', 'feugiat.sed@pede.edu', '04 12 22 63 73'),
(643, 'WXG59OWU2HO', '4', 'Mcdaniel', 'Blythe', 'risus@sollicitudincommodo.net', '07 91 61 27 16'),
(644, 'IES48PVE7BB', '4', 'Carey', 'Amir', 'tempor@massa.ca', '03 27 89 14 68'),
(645, 'IWC16KSF1SD', '1', 'Luna', 'Alisa', 'nibh.donec@risus.ca', '09 54 23 29 48'),
(646, 'KTS43VTK2FC', '1', 'Smith', 'Desirae', 'odio.a@inscelerisquescelerisque.com', '05 23 36 70 01'),
(647, 'QHX44UKN7TW', '2', 'Bennett', 'Victor', 'tortor.at.risus@porttitorscelerisque.org', '03 11 20 42 56'),
(648, 'KVL89XCG1NQ', '2', 'Summers', 'Ashton', 'lectus@namnulla.edu', '06 25 41 77 42'),
(649, 'HBZ85BTG3NM', '3', 'Berry', 'Kato', 'eget.nisi@noncursus.ca', '02 02 37 81 31'),
(650, 'KSP22CYL1KM', '3', 'Chan', 'Neville', 'sed.sapien@montesnasceturridiculus.ca', '05 70 46 47 59'),
(651, 'FNL14VHN6PW', '4', 'Mann', 'Baxter', 'dolor.sit@purusgravidasagittis.org', '08 13 38 44 87'),
(652, 'OVG33PGN8CT', '4', 'Shaffer', 'Jescie', 'et.risus.quisque@nullatemporaugue.co.uk', '06 54 82 34 99'),
(653, 'XNV17EDX8YI', '1', 'Hines', 'Lucian', 'lorem@integer.org', '03 87 83 38 13'),
(654, 'AIF09RLT8QV', '1', 'Mcleod', 'Stacey', 'tellus.sem.mollis@in.edu', '01 13 47 12 76'),
(655, 'QNX72VNJ6JL', '2', 'Garrett', 'Cameran', 'lorem.tristique@duismi.edu', '03 32 46 93 54'),
(656, 'PSO52HZV1TZ', '2', 'Oliver', 'Conan', 'in.lorem@elitpharetraut.ca', '05 88 87 78 75'),
(657, 'CZI62ETA5OB', '3', 'Good', 'Duncan', 'est.mollis.non@ipsum.co.uk', '05 96 75 28 27'),
(658, 'FNH74LLF2GC', '3', 'Hodges', 'Jasper', 'dolor.tempus.non@curaedonectincidunt.ca', '06 70 65 65 86'),
(659, 'NKY13XPO6FG', '4', 'Lawrence', 'Zorita', 'vestibulum@nonlobortisquis.com', '05 52 38 16 50'),
(660, 'MRV29IQG9CN', '4', 'Mcdowell', 'Herrod', 'sed.auctor@magnisdis.ca', '07 69 78 91 46'),
(661, 'DPX14VUU1SU', '1', 'Medina', 'Abdul', 'molestie@afeugiat.ca', '07 03 32 74 58'),
(662, 'MMI47TMR5GE', '1', 'Pacheco', 'Quynn', 'leo@ligula.com', '04 15 50 79 91'),
(663, 'EBT71EQN1EJ', '2', 'Vance', 'Steel', 'at.sem.molestie@dui.ca', '05 62 25 25 83'),
(664, 'GGW38TNN6ES', '2', 'Bonner', 'William', 'varius.et@euelit.org', '02 51 85 04 44'),
(665, 'VIP80WGI4LP', '3', 'Beard', 'Blake', 'facilisis@etmagnisdis.com', '03 55 04 89 24'),
(666, 'ILR99LEC1NC', '3', 'Webster', 'Rhea', 'eget.metus.eu@justopraesent.org', '06 15 87 50 14'),
(667, 'RCI86PID2BQ', '4', 'Russell', 'Sarah', 'morbi.tristique.senectus@maurisquis.co.uk', '07 87 29 03 51'),
(668, 'RRX57TJA3KY', '4', 'Bolton', 'Conan', 'vel.mauris@maurisblandit.org', '07 87 51 22 86'),
(669, 'ATF82GTJ8UR', '1', 'Best', 'Imelda', 'justo.faucibus.lectus@feugiat.edu', '09 91 23 02 88'),
(670, 'INL42ENI8HW', '1', 'Salinas', 'Kerry', 'lorem@etlibero.co.uk', '02 89 62 44 56'),
(671, 'EJP29SPB9NZ', '2', 'Joseph', 'Kyra', 'eget.laoreet.posuere@integersem.co.uk', '02 60 84 38 17'),
(672, 'MGC51FVW4UK', '2', 'Hinton', 'Magee', 'non.dui.nec@infaucibus.ca', '09 61 78 67 98'),
(673, 'THW25TEI2MP', '3', 'Robles', 'Jordan', 'turpis.vitae@maecenasmalesuada.net', '04 92 18 81 46'),
(674, 'OTF53ITA1GR', '3', 'Gibbs', 'Aline', 'sed.leo@sollicitudincommodo.net', '06 87 36 20 26'),
(675, 'OEP10BQV0FM', '4', 'Beck', 'Fiona', 'enim.condimentum@hendreritaarcu.com', '09 06 16 20 18'),
(676, 'PTJ68EXT4NW', '4', 'Carpenter', 'Murphy', 'ac.sem.ut@augueeu.com', '02 11 20 64 44'),
(677, 'JVE18MCJ0QZ', '1', 'Dale', 'MacKensie', 'ligula.elit@dolorquisquetincidunt.edu', '04 57 06 51 81'),
(678, 'QJH77MNI3JS', '1', 'Hale', 'Barry', 'a@sempellentesque.com', '07 41 38 54 29'),
(679, 'IWU14EIA4VS', '2', 'Monroe', 'Honorato', 'fermentum.convallis.ligula@orcilobortisaugue.co.uk', '04 78 62 38 70'),
(680, 'TJG23HNG6GE', '2', 'Holman', 'Cassidy', 'auctor@maurissapien.net', '03 72 34 72 67'),
(681, 'IGS82XKK3SQ', '3', 'Booker', 'Alfreda', 'in.scelerisque.scelerisque@quis.org', '02 16 84 73 24'),
(682, 'TMW31KJD4IL', '3', 'Wise', 'McKenzie', 'lobortis.augue@aliquetmagna.co.uk', '02 72 12 58 65'),
(683, 'CFI41TID1EW', '4', 'Ferrell', 'Nerea', 'integer.in.magna@quis.org', '08 45 18 70 05'),
(684, 'CNA99JDC9SD', '4', 'James', 'Chester', 'porttitor.eros.nec@pedeac.co.uk', '03 10 73 13 72'),
(685, 'KVF37KLH7YD', '1', 'Carey', 'Colorado', 'mauris@donectincidunt.org', '01 89 36 37 82'),
(686, 'NAI15HCO3GV', '1', 'Velazquez', 'Aspen', 'pede.nunc.sed@nasceturridiculus.ca', '07 72 34 83 46'),
(687, 'YLG31XPV5PD', '2', 'Page', 'Dante', 'ipsum.sodales@sit.edu', '06 62 47 96 26'),
(688, 'OXV83ERO2KN', '2', 'Collier', 'Thane', 'mollis.dui@acturpisegestas.co.uk', '07 84 92 71 17'),
(689, 'OGV72RPW6QL', '3', 'Clemons', 'Jason', 'etiam.vestibulum@lacusetiam.ca', '06 03 33 86 72'),
(690, 'NKK32XBO8QB', '3', 'Mcclain', 'Lev', 'sapien.imperdiet@ut.net', '02 05 77 83 74'),
(691, 'IXJ16PKB4DD', '4', 'Downs', 'Jamalia', 'erat@ac.co.uk', '01 71 55 75 27'),
(692, 'BQB66SRT5FU', '4', 'Maynard', 'Merritt', 'ultricies.ornare.elit@tinciduntnibh.com', '08 37 13 97 46'),
(693, 'IIJ84KJD6KK', '1', 'Mathis', 'Georgia', 'at.iaculis@tellus.net', '03 14 48 59 86'),
(694, 'MLX12MHE3HS', '1', 'Franklin', 'Myra', 'pharetra.felis.eget@sapiengravida.co.uk', '03 77 97 23 37'),
(695, 'BYQ80SYY4CE', '2', 'Savage', 'Hashim', 'nullam@nostra.co.uk', '09 02 84 84 22'),
(696, 'ACO87MUQ9RP', '2', 'Schwartz', 'Brittany', 'gravida.nunc@commodohendrerit.com', '09 75 59 24 24'),
(697, 'EEI33IUK5MI', '3', 'Rice', 'Kasper', 'ac.sem.ut@dictumplacerataugue.net', '07 44 89 74 95'),
(698, 'CHD30IDR4LS', '3', 'Cortez', 'Henry', 'maecenas.iaculis@loremipsum.co.uk', '07 64 19 68 53'),
(699, 'AJE81WFC1RS', '4', 'Davis', 'Brady', 'vivamus@aenean.edu', '09 56 61 05 81'),
(700, 'HJB45GQX5MC', '4', 'Diaz', 'Austin', 'tempus@accumsansedfacilisis.com', '08 63 76 02 86'),
(701, 'BPX55SCR4SC', '1', 'Carter', 'MacKenzie', 'pede@donecegestasduis.org', '08 18 72 12 15'),
(702, 'TOP35BTV7FH', '1', 'Branch', 'Talon', 'sed.eu.nibh@antenunc.com', '08 74 12 68 67'),
(703, 'GVC53KRG4JJ', '2', 'Nichols', 'Connor', 'molestie.in@porttitoreros.edu', '01 13 52 25 18'),
(704, 'OWJ44XRW3VW', '2', 'Rutledge', 'Gisela', 'curabitur.ut.odio@curabiturconsequatlectus.edu', '05 71 74 08 87'),
(705, 'OWE11LCC5OG', '3', 'Cox', 'Charlotte', 'id@namtempor.org', '01 67 01 04 31'),
(706, 'GEE10RJW5EF', '3', 'Baker', 'David', 'nonummy@dolordonecfringilla.net', '05 45 75 18 24'),
(707, 'XWI76SNH3KR', '4', 'Mills', 'Kerry', 'malesuada@mauris.org', '03 59 64 88 71'),
(708, 'TKW35KLQ0NW', '4', 'Raymond', 'Davis', 'eget@nullainterdum.org', '08 57 83 44 81'),
(709, 'HQP56CIC4FV', '1', 'Mcintyre', 'Gloria', 'nonummy.ac.feugiat@nonmagna.net', '04 86 44 69 93'),
(710, 'RYM48YYO2XK', '1', 'Walsh', 'Amanda', 'ac.turpis@quis.ca', '05 82 59 56 75'),
(711, 'QBS15EXE7WT', '2', 'Morales', 'Chandler', 'magna@consequatenim.org', '06 49 38 48 15'),
(712, 'OLM90KSQ5YN', '2', 'Hughes', 'Ocean', 'risus.donec.nibh@estmollis.co.uk', '06 57 85 82 89'),
(713, 'ROS53EYW5BV', '3', 'Wiley', 'Idona', 'eu@morbi.edu', '02 37 54 23 33'),
(714, 'PPA16HSS3UH', '3', 'Potts', 'Dominic', 'arcu.et@enim.edu', '07 38 00 31 79'),
(715, 'FQU76VOF8YH', '4', 'Hodge', 'Anastasia', 'egestas.blandit.nam@sedmalesuada.co.uk', '02 77 84 12 36'),
(716, 'BMW56IEM3AX', '4', 'Witt', 'Britanni', 'felis@ipsumphasellus.net', '04 15 89 45 51'),
(717, 'ZKS00PFG3NS', '1', 'Sandoval', 'Camille', 'lectus.nullam@vivamuseuismodurna.com', '05 11 91 21 11'),
(718, 'RDH31XLJ1JE', '1', 'Mooney', 'Tanner', 'integer@turpisnecmauris.net', '07 45 77 56 23'),
(719, 'EVY53GQI2EE', '2', 'Whitney', 'Ciaran', 'ultrices.iaculis.odio@pedeultrices.net', '09 43 11 57 83'),
(720, 'LXK83WHL6RH', '2', 'Merritt', 'Giacomo', 'aliquam.rutrum@mauris.net', '07 91 87 32 16'),
(721, 'SBX53BRW5FN', '3', 'Reilly', 'Jackson', 'eget@anteipsum.net', '07 75 02 33 52'),
(722, 'HLP25FES3XD', '3', 'Coffey', 'Stewart', 'et@gravidasit.net', '04 37 04 76 15'),
(723, 'GDI26IGD0KA', '4', 'Moses', 'Evelyn', 'urna.et@scelerisquemollis.edu', '02 51 23 77 03'),
(724, 'LUP42KUW4QV', '4', 'Good', 'Stephen', 'in@quis.org', '07 27 01 55 74'),
(725, 'LIN15JOO8JE', '1', 'Dominguez', 'Lucas', 'vel.lectus@vestibulum.co.uk', '04 56 63 54 02'),
(726, 'LAX88MAL1JH', '1', 'Conner', 'Genevieve', 'integer.sem@semperdui.org', '09 18 46 76 74'),
(727, 'JZH55ONS1AJ', '2', 'Norman', 'Malachi', 'sem@arcuvestibulum.net', '04 04 56 79 45'),
(728, 'LGA18QED7ZR', '2', 'Booker', 'Kieran', 'eu.erat@velitdui.org', '09 57 36 37 57'),
(729, 'VKN27IPX3BQ', '3', 'Key', 'Libby', 'nec.urna@iaculis.co.uk', '05 26 49 75 10'),
(730, 'FLX38NLS4NX', '3', 'Nieves', 'Dylan', 'feugiat@quisqueornare.co.uk', '05 83 67 31 58'),
(731, 'CSR63HYT0VG', '4', 'Dale', 'Dale', 'egestas.aliquam@accumsanconvallisante.com', '07 23 23 63 38'),
(732, 'OWF36WEU9CM', '4', 'Murphy', 'Amos', 'mi.pede@mauriseuturpis.edu', '04 39 27 74 31'),
(733, 'FEC99BLH6GZ', '1', 'Becker', 'Sage', 'curae.phasellus.ornare@nullamenimsed.co.uk', '05 79 55 95 56'),
(734, 'JXB82ZDI1WT', '1', 'Walker', 'Phoebe', 'ligula.aliquam@iaculis.edu', '08 28 45 80 20'),
(735, 'WOT88VNQ2LH', '2', 'Browning', 'Geraldine', 'magna.phasellus@quistristique.edu', '04 15 24 86 85'),
(736, 'SDR56FJQ6CS', '2', 'Herrera', 'Blake', 'curabitur.dictum@temporest.org', '05 13 23 42 50'),
(737, 'AKJ87OJJ3PS', '3', 'Sanchez', 'Miranda', 'purus@etrutrum.ca', '02 46 77 70 53'),
(738, 'BDM54JQY5GT', '3', 'Gregory', 'Brenda', 'non.quam@vitaerisusduis.com', '03 69 88 09 06'),
(739, 'AWL16PXI5MN', '4', 'Hyde', 'Elvis', 'dignissim.pharetra.nam@cubiliacuraephasellus.co.uk', '02 45 52 61 07'),
(740, 'TAL48ASO0EE', '4', 'Gardner', 'Quemby', 'diam.luctus@sitamet.co.uk', '07 66 37 13 08'),
(741, 'MOS34ORX2MR', '1', 'Workman', 'Raja', 'arcu@eu.org', '07 23 86 97 22'),
(742, 'PAJ83XRM1RE', '1', 'Workman', 'Harper', 'egestas@nullam.ca', '05 55 28 72 77'),
(743, 'FCP55WUT0EM', '2', 'Acosta', 'Thomas', 'aliquam.erat@adlitora.com', '03 26 34 66 48'),
(744, 'ETP52USI6GX', '2', 'Sheppard', 'Owen', 'non@nunc.co.uk', '08 87 08 35 98'),
(745, 'DHP62RBL3GT', '3', 'Howard', 'Wesley', 'risus@cursusluctusipsum.net', '07 36 36 14 20'),
(746, 'XBE49IJD9ZW', '3', 'Gutierrez', 'Deanna', 'eu@ligulanullam.com', '05 23 50 82 97'),
(747, 'XEP91XFV2NO', '4', 'Waller', 'Judith', 'tincidunt.tempus@egestasa.org', '05 63 81 18 23'),
(748, 'KSH15HKB5SS', '4', 'Lawrence', 'William', 'egestas.lacinia@parturientmontesnascetur.com', '08 30 34 27 79'),
(749, 'VWA32MIG4FV', '1', 'Barber', 'Madeline', 'tincidunt.nunc@parturientmontes.com', '07 24 74 60 46'),
(750, 'SGD37OXD3SW', '1', 'Conley', 'Holly', 'cum.sociis@pedeetrisus.edu', '02 51 74 59 41'),
(751, 'PBL17VOF6BJ', '2', 'Ingram', 'Caleb', 'sed@lectuspede.com', '02 67 77 34 61'),
(752, 'JRD35TVS5MX', '2', 'Merritt', 'Caesar', 'sodales.elit@sollicitudina.edu', '08 23 79 87 27'),
(753, 'JYR33TGJ5VP', '3', 'Harrington', 'Rashad', 'sit.amet@tempor.com', '08 55 64 25 14'),
(754, 'SYL43TYX8QN', '3', 'Estes', 'Carl', 'vel.arcu.curabitur@nectempus.co.uk', '03 62 80 03 36'),
(755, 'YLN72RIK5VW', '4', 'Shannon', 'Kai', 'molestie@acorci.edu', '06 12 13 82 23'),
(756, 'OIS19VTR5SS', '4', 'Camacho', 'Claudia', 'dictum.magna.ut@quispedepraesent.edu', '04 27 23 00 28'),
(757, 'UKP41PBY5AR', '1', 'Wilder', 'Steven', 'semper.dui@maurisquis.net', '08 14 11 88 39'),
(758, 'TBI08SYF5NV', '1', 'Wilkinson', 'Christian', 'cum@dolor.org', '03 82 69 44 73'),
(759, 'GPA31VPL2JR', '2', 'Morales', 'Kevin', 'felis@dolordapibusgravida.ca', '04 10 84 30 67'),
(760, 'EGL21BHF1JA', '2', 'Caldwell', 'Fitzgerald', 'enim@donecelementum.net', '07 79 46 57 31'),
(761, 'NKW18DRK9JF', '3', 'Collier', 'Jaquelyn', 'porttitor.tellus@rutrum.edu', '04 20 44 51 32'),
(762, 'GRR45HUV6PL', '3', 'Terrell', 'Harrison', 'nec@mipede.net', '02 46 59 84 68'),
(763, 'ZEX59MOY2GF', '4', 'Fischer', 'Maxwell', 'eu@mi.ca', '07 48 07 22 98'),
(764, 'HFR58UEM7SY', '4', 'Watts', 'Lyle', 'donec.consectetuer@nec.edu', '04 28 54 73 55'),
(765, 'LTL51WXY4JW', '1', 'Gregory', 'Wesley', 'eu@quispede.org', '06 03 80 03 60'),
(766, 'RGY68IVT0VQ', '1', 'Hartman', 'Rachel', 'donec.vitae@euismod.ca', '05 07 85 39 40'),
(767, 'BJD99ZPK2SO', '2', 'Guthrie', 'Ivana', 'curabitur.sed@tincidunt.org', '06 86 73 42 61'),
(768, 'GXS49IDG6LM', '2', 'Roberson', 'Phoebe', 'ligula.aenean@aenean.net', '07 71 53 13 58'),
(769, 'POC64QJN2OF', '3', 'Mcmillan', 'Jonah', 'nunc.sed@lectuscumsociis.edu', '07 72 33 49 88'),
(770, 'VYT72BPY8EJ', '3', 'Dixon', 'Kimberly', 'consequat@inlobortis.net', '09 31 71 22 37'),
(771, 'VDW47SVH3DK', '4', 'Dalton', 'Chaim', 'scelerisque@tellusloremeu.co.uk', '08 63 67 70 83'),
(772, 'MAW62HUQ9GN', '4', 'Best', 'Beck', 'molestie@consequatnec.edu', '05 69 25 15 65'),
(773, 'KQH11KQC4PS', '1', 'Benton', 'Jaquelyn', 'tincidunt@etarcu.net', '07 67 59 44 57'),
(774, 'BSP87QPW3CF', '1', 'Dillon', 'Samantha', 'est.vitae.sodales@cras.edu', '08 77 38 78 87'),
(775, 'TRQ23EFC5EI', '2', 'Austin', 'Kylan', 'sem.eget@antelectus.co.uk', '07 34 63 79 15'),
(776, 'NBN63IWJ6EU', '2', 'Carney', 'Jermaine', 'interdum.libero@nullaat.com', '04 85 00 88 31'),
(777, 'UGU05OKU5RY', '3', 'Yang', 'Alice', 'at.velit.pellentesque@eu.ca', '02 29 24 51 65'),
(778, 'OHQ66EEJ0DR', '3', 'Gates', 'Demetrius', 'inceptos@ac.net', '03 45 56 21 26'),
(779, 'RUN77GDI2VB', '4', 'Everett', 'Nehru', 'mollis.non@sodalesat.edu', '05 64 13 13 22'),
(780, 'QEZ06USY7PP', '4', 'Foreman', 'Paula', 'vulputate@vivamus.org', '07 88 42 37 30'),
(781, 'AFM16RYG9RN', '1', 'Wilkins', 'Trevor', 'malesuada.integer.id@phasellusdapibus.edu', '04 90 26 33 08'),
(782, 'RZJ32SHI8VS', '1', 'Mathis', 'Raymond', 'placerat.augue@sit.ca', '01 63 01 85 36'),
(783, 'MQI40YUB4US', '2', 'Barton', 'Deacon', 'quis.lectus@gravidamaurisut.ca', '07 61 44 74 44'),
(784, 'ADB63POU6RO', '2', 'Sanford', 'Hedwig', 'ornare@aliquamenim.com', '06 68 68 48 31'),
(785, 'DMZ55JXU2QB', '3', 'Mason', 'Naomi', 'eget.ipsum@leoelementum.org', '05 19 82 61 58'),
(786, 'JFX83JBJ6UK', '3', 'Schroeder', 'Germaine', 'duis@liberodonecconsectetuer.edu', '05 54 23 97 96'),
(787, 'HBJ45MTS3ZE', '4', 'Leblanc', 'Jacob', 'a.dui@velitaliquamnisl.org', '03 41 27 71 59'),
(788, 'OOA46LUX6DT', '4', 'Pollard', 'Igor', 'rutrum.urna.nec@cumsociis.ca', '04 12 56 08 62'),
(789, 'IKS23IUA5GS', '1', 'Armstrong', 'Stuart', 'aliquet.libero.integer@torquent.org', '03 26 43 24 87'),
(790, 'UHA44WPF7KT', '1', 'Flowers', 'Galvin', 'in.mi@enimnunc.net', '04 79 48 44 76'),
(791, 'TFB12TPT7NT', '2', 'Melendez', 'Hillary', 'lectus.nullam.suscipit@necmollis.com', '05 62 72 18 38'),
(792, 'PKO60MCG1WA', '2', 'Carver', 'Channing', 'nunc@sed.ca', '08 76 51 49 93'),
(793, 'DXH17YHP5ZJ', '3', 'Robertson', 'Kaitlin', 'neque.et@orcidonec.ca', '05 38 24 60 78'),
(794, 'HSF24MUJ5UN', '3', 'Jennings', 'Allistair', 'magna.suspendisse@natoquepenatibus.net', '08 12 16 10 35'),
(795, 'JLB82OFA1BB', '4', 'Emerson', 'Ethan', 'molestie.tortor@utcursus.net', '06 47 10 75 44'),
(796, 'KEL96QFU2SY', '4', 'Ball', 'Kelly', 'ipsum.ac@tristiquepharetraquisque.net', '07 52 50 25 86'),
(797, 'IXD53QYP3KR', '1', 'George', 'Norman', 'pellentesque.habitant@sapiennunc.com', '02 31 96 80 87'),
(798, 'EFJ26BCI8CU', '1', 'Owen', 'Keiko', 'mollis.phasellus.libero@quisaccumsan.org', '08 44 10 28 57'),
(799, 'OYO91QPE2WU', '2', 'Rojas', 'Kelly', 'ut.pharetra.sed@facilisisvitae.ca', '09 34 84 30 68'),
(800, 'CYQ55CIX5BB', '2', 'Williams', 'Addison', 'tempor.augue.ac@mauris.org', '08 45 10 31 05'),
(801, 'CMK88UOT1EB', '3', 'Justice', 'Piper', 'dui.nec@placerateget.com', '07 17 66 15 71'),
(802, 'JPF37XWI4HX', '3', 'Whitfield', 'Nathan', 'et.ipsum@elit.net', '08 55 35 13 24'),
(803, 'SFW64UBT2CD', '4', 'Acevedo', 'Ava', 'imperdiet.dictum@blanditenimconsequat.net', '06 56 37 01 24'),
(804, 'ZJW36UDO9GT', '4', 'Hardin', 'Gareth', 'mus.proin@cursusdiamat.net', '09 81 33 63 34'),
(805, 'GGV87KMR5IK', '1', 'Rivers', 'Mari', 'ut@pedepraesenteu.com', '04 16 86 31 76'),
(806, 'VZY79SCK5EI', '1', 'Tyler', 'Theodore', 'ullamcorper@etultrices.com', '03 81 58 53 84'),
(807, 'DCN14YJH1MV', '2', 'Bradford', 'Eagan', 'nonummy.ipsum@anteipsum.co.uk', '04 41 98 53 75'),
(808, 'UTN26OAW7NQ', '2', 'Hart', 'Moana', 'lacus.ut@aeneaneget.org', '05 35 57 84 46'),
(809, 'KPA34APH7KL', '3', 'Gilliam', 'Cole', 'lectus.justo@perconubia.co.uk', '05 24 51 47 05'),
(810, 'KTL53RJC8ZK', '3', 'Gill', 'Fulton', 'curae.donec@urnavivamus.co.uk', '08 85 68 78 93'),
(811, 'FOJ17NEE7GH', '4', 'Daniels', 'Kane', 'magna.a@inmolestie.ca', '02 05 37 15 73'),
(812, 'TCO51GNW3DX', '4', 'Parsons', 'India', 'sit@tristiquesenectuset.org', '08 94 94 65 15'),
(813, 'TEU63QQW2YD', '1', 'Myers', 'Maia', 'non@amet.org', '06 53 23 95 71'),
(814, 'KQN47SAC5UW', '1', 'Vincent', 'Kim', 'aliquet@bibendumdonec.org', '04 42 81 33 12'),
(815, 'OTP85XSR9MC', '2', 'James', 'Wilma', 'luctus.vulputate@eutellus.co.uk', '01 07 64 51 97'),
(816, 'DSM51VKV2ME', '2', 'Collins', 'Lila', 'curae.phasellus.ornare@ametdiameu.net', '08 86 94 67 39'),
(817, 'QHB82IKI3SE', '3', 'Gonzalez', 'Holly', 'id.ante.dictum@tinciduntdonec.com', '09 73 41 17 77'),
(818, 'TGM90NTY7DH', '3', 'Singleton', 'Hayes', 'lectus.sit@porttitorvulputate.co.uk', '06 93 60 51 24'),
(819, 'DRP14NSD1BP', '4', 'Cantrell', 'Josephine', 'dictum.sapien.aenean@fusce.edu', '06 27 85 51 82'),
(820, 'RDS31FYM9BS', '4', 'Bartlett', 'Louis', 'fusce.mi.lorem@sitametnulla.com', '03 51 11 75 83'),
(821, 'TIF43FFP5BL', '1', 'Petersen', 'Keaton', 'nibh.vulputate@mi.edu', '07 12 18 55 55'),
(822, 'AVD29CCR9LD', '1', 'Mcleod', 'James', 'elit.pharetra@class.com', '03 63 52 97 21'),
(823, 'DJR48BSE1LD', '2', 'Schmidt', 'Murphy', 'quisque.varius@lorem.ca', '05 83 22 11 44'),
(824, 'FHP98NYO1EJ', '2', 'Herring', 'Frances', 'augue.malesuada.malesuada@quisque.org', '02 77 11 86 71'),
(825, 'JMP81KVX7QE', '3', 'Bass', 'Julian', 'tortor@urnaut.org', '07 08 41 83 25'),
(826, 'RYY86XRC7DH', '3', 'Russell', 'Troy', 'nibh@lectus.org', '02 12 92 18 26'),
(827, 'EXJ83ZYD4KE', '4', 'Noble', 'Macey', 'mus.proin@nec.edu', '07 33 88 41 82'),
(828, 'OCV70EQO6XX', '4', 'Guthrie', 'Wilma', 'tincidunt.aliquam.arcu@ametmetusaliquam.net', '05 21 11 46 43'),
(829, 'YGS83YOZ9SO', '1', 'Zimmerman', 'Harlan', 'nec.tempus@lobortisaugue.com', '05 73 13 37 59'),
(830, 'UHV36LCL7VX', '1', 'Ramos', 'Hop', 'rutrum.urna.nec@lacuspede.ca', '07 15 80 97 56'),
(831, 'QJL55DVX7UD', '2', 'Burt', 'Rajah', 'suscipit.est.ac@tristiquealiquetphasellus.net', '03 17 84 83 58'),
(832, 'LEW65XJN3ED', '2', 'Cole', 'Anne', 'feugiat.lorem@tellusimperdietnon.org', '03 18 19 54 72'),
(833, 'KKX75LWK9KN', '3', 'Reid', 'Russell', 'euismod.enim@placerataugue.ca', '08 89 47 58 14'),
(834, 'QIA81MXJ3YL', '3', 'Allison', 'Shea', 'arcu.curabitur@estvitae.net', '05 17 45 72 63'),
(835, 'ERM46EBH7FD', '4', 'Klein', 'Caesar', 'velit.dui.semper@dictum.org', '06 17 43 11 10'),
(836, 'DIZ80KRS5EP', '4', 'Grant', 'Lani', 'mattis.integer@accumsanlaoreet.net', '08 52 14 98 32'),
(837, 'QQU15AWT4CF', '1', 'Williamson', 'Simon', 'adipiscing@urna.ca', '05 73 75 09 50'),
(838, 'POR72RDJ3GE', '1', 'Tate', 'Driscoll', 'nisi.a@nislsem.org', '08 12 72 84 58'),
(839, 'OUK59KLT5JD', '2', 'Vega', 'Giselle', 'ipsum.nunc@nuncmauriselit.com', '02 54 91 92 41'),
(840, 'UAD08BBP3DV', '2', 'Weiss', 'Julian', 'iaculis.lacus@acipsum.net', '06 87 27 59 62'),
(841, 'GSY55IVK5VJ', '3', 'Torres', 'Wanda', 'donec@convallis.edu', '03 53 68 60 36'),
(842, 'GEK15OLI4RQ', '3', 'Montoya', 'Justine', 'semper.auctor@egetdictumplacerat.ca', '08 53 61 41 53'),
(843, 'TLW15HXM2KW', '4', 'Nolan', 'Cullen', 'neque.vitae@nulla.org', '04 06 45 89 73'),
(844, 'NWL56RNI7UQ', '4', 'Herring', 'Hyacinth', 'magna.malesuada@nisimagnased.com', '02 71 23 89 47'),
(845, 'VXS04KSA7IP', '1', 'Freeman', 'Meghan', 'eu@integeraliquam.com', '08 17 28 14 74'),
(846, 'ANA57XXQ8JQ', '1', 'Cooper', 'Jacqueline', 'quisque.varius.nam@afeugiat.edu', '01 72 92 53 79'),
(847, 'OHB73XTB2EH', '2', 'Robinson', 'Rachel', 'lobortis.risus.in@libero.ca', '01 11 59 75 29'),
(848, 'INS67SGF6NE', '2', 'Burnett', 'Thomas', 'consectetuer@crassedleo.edu', '04 84 31 32 76'),
(849, 'UHP44IXG2VD', '3', 'Weaver', 'Brody', 'nullam.vitae.diam@morbinonsapien.ca', '07 07 38 73 85'),
(850, 'OHO17BQM9OR', '3', 'Rich', 'Dieter', 'tristique.pellentesque.tellus@at.net', '02 87 12 47 12'),
(851, 'UJW35BPT6FX', '4', 'Pollard', 'Jessica', 'eu.eleifend.nec@sednuncest.net', '02 83 36 63 34'),
(852, 'UNA28LUP4OR', '4', 'Howard', 'Kameko', 'sed.eu@odionam.edu', '03 01 24 69 50'),
(853, 'KQT21GNU2CV', '1', 'Mckee', 'Judah', 'molestie.sed@ut.com', '08 48 31 15 18'),
(854, 'PYL44SSW1NN', '1', 'Finley', 'Brent', 'ut.tincidunt@dolor.net', '08 34 42 57 21'),
(855, 'HVX80ZYC7KK', '2', 'Bentley', 'Cain', 'quisque.ac.libero@aauctor.org', '02 78 48 22 91'),
(856, 'QRU11PZO9LJ', '2', 'Hodge', 'Lev', 'netus.et@semut.com', '06 42 74 22 37'),
(857, 'FGP62ITJ2EO', '3', 'Wall', 'Camden', 'etiam.imperdiet@etiamlaoreet.org', '02 34 38 33 68'),
(858, 'RYL53VKP8CO', '3', 'Snyder', 'Lareina', 'in@velconvallis.ca', '02 29 62 86 59'),
(859, 'QHV80PJZ8OQ', '4', 'Cobb', 'Ulysses', 'fusce.fermentum@sedpedenec.com', '04 77 90 74 30'),
(860, 'KIT42NZJ9KI', '4', 'Turner', 'Hector', 'vel.pede@sedhendrerita.net', '01 31 76 08 94'),
(861, 'RCE34CGH6MG', '1', 'Castro', 'Hayes', 'urna@rutrummagna.edu', '06 41 54 82 85'),
(862, 'BRK23BPO8SG', '1', 'Wilkerson', 'Gannon', 'lorem.ipsum@aliquet.edu', '04 77 68 26 11'),
(863, 'YJN48CIG3MC', '2', 'Mcclure', 'Constance', 'consequat.enim@eutempor.ca', '09 10 89 32 62'),
(864, 'NKQ11EEN4TC', '2', 'Castro', 'Nola', 'in.molestie@magnis.co.uk', '04 34 64 49 47'),
(865, 'LCY86EPB7NP', '3', 'Hill', 'Lisandra', 'ante@maurisut.co.uk', '06 60 25 73 58'),
(866, 'VSQ38VTP1DM', '3', 'Carpenter', 'Colt', 'donec.egestas@aliquetlibero.com', '02 37 36 05 82'),
(867, 'WYA95CJL5VB', '4', 'Dalton', 'Caldwell', 'libero@dui.co.uk', '06 41 67 48 36'),
(868, 'XHO29DPI3BQ', '4', 'Olsen', 'Courtney', 'sit@donecnon.ca', '08 72 11 73 22'),
(869, 'WJJ49YRR2YK', '1', 'Lancaster', 'Blythe', 'sed.hendrerit@rhoncusidmollis.edu', '05 57 38 65 85'),
(870, 'ZVB57WGF2RT', '1', 'Kramer', 'Rashad', 'nam.nulla.magna@afelis.net', '03 80 63 78 87'),
(871, 'FII11VZT4MF', '2', 'Jenkins', 'Cameran', 'risus.in@a.com', '02 73 82 28 77'),
(872, 'ITP72HIX6XN', '2', 'Dixon', 'Giacomo', 'scelerisque.dui@etnunc.ca', '05 48 07 25 32'),
(873, 'DLL84AWV1SG', '3', 'Malone', 'Hayfa', 'lorem.ipsum@atpretiumaliquet.ca', '03 11 50 94 44'),
(874, 'OSG54FKS9QL', '3', 'Silva', 'Amber', 'massa.suspendisse.eleifend@et.com', '03 68 70 17 56'),
(875, 'WGD64KNF5FR', '4', 'Glenn', 'Martin', 'placerat.eget@sodalespurus.ca', '06 38 82 26 12'),
(876, 'TOC16LQY7ST', '4', 'Frye', 'Gabriel', 'sed.pharetra@duisemperet.ca', '03 85 37 73 98'),
(877, 'VQS62CFN0QW', '1', 'Dennis', 'Byron', 'enim@mauriseu.ca', '05 75 14 58 49'),
(878, 'WLD37OMS2VK', '1', 'Greene', 'Slade', 'interdum.sed@molestie.ca', '03 39 32 52 16'),
(879, 'OKF21QKF4FO', '2', 'Glover', 'Ignacia', 'elit.curabitur.sed@temporarcuvestibulum.com', '01 88 73 67 74'),
(880, 'NRS71HKN5EI', '2', 'Avery', 'Kimberly', 'urna.nullam@urnanec.edu', '03 54 28 75 57'),
(881, 'NHR85HNQ4NX', '3', 'Thomas', 'Steel', 'hymenaeos.mauris@sollicitudinamalesuada.net', '07 84 15 77 52'),
(882, 'EDU79YBD1GV', '3', 'Bowers', 'Dawn', 'nisi.a@suspendissealiquetsem.edu', '09 70 77 12 24'),
(883, 'EMR02UOV1EO', '4', 'Atkins', 'Florence', 'mollis.integer@consectetueradipiscing.com', '01 55 75 75 47'),
(884, 'SYV74XGD9CC', '4', 'Waller', 'Isaiah', 'mi.tempor@euismodest.net', '06 13 57 89 39'),
(885, 'IRA86HGB4LX', '1', 'Hall', 'Hu', 'consectetuer.adipiscing.elit@liberoat.org', '02 36 85 54 27'),
(886, 'KIG37YLX5DK', '1', 'Orr', 'Hop', 'molestie.sodales@adipiscingnonluctus.edu', '03 58 39 02 20'),
(887, 'UDU92VYS0HI', '2', 'Jackson', 'Charles', 'ac.eleifend@egestasduisac.org', '03 10 34 24 67'),
(888, 'GAV68AXZ9XF', '2', 'Jimenez', 'Nissim', 'donec.tincidunt@euismodurna.org', '04 06 34 87 11'),
(889, 'GAZ76DQW8OG', '3', 'Bates', 'Jenette', 'pretium@sapienaeneanmassa.net', '05 91 60 62 26'),
(890, 'KWU89TIO0FN', '3', 'Petersen', 'Avye', 'nunc.ullamcorper@donectempus.ca', '08 81 57 76 27'),
(891, 'ILN11PJS6VX', '4', 'Lambert', 'Odysseus', 'quisque.varius@risusduis.net', '06 24 17 81 91'),
(892, 'KXV20QQV1SI', '4', 'Middleton', 'Aidan', 'arcu.eu@maurisidsapien.co.uk', '07 44 67 27 68'),
(893, 'SIN88YRW6DT', '1', 'Glass', 'Colt', 'nulla.donec.non@ipsumcurabiturconsequat.edu', '05 74 71 44 51'),
(894, 'SCF88FDV1MW', '1', 'Velez', 'Vincent', 'iaculis.lacus@suspendisseeleifend.co.uk', '02 65 75 79 62'),
(895, 'BCX38COY4SP', '2', 'Duffy', 'Violet', 'bibendum@cras.com', '02 47 64 70 66'),
(896, 'IBB47LWF2HE', '2', 'Sawyer', 'Carl', 'phasellus.in.felis@utsagittis.com', '04 85 72 10 39'),
(897, 'VHU23NJE3BP', '3', 'Pollard', 'Herman', 'mauris.ut@odio.net', '06 74 35 01 77'),
(898, 'ODX56RAJ9FU', '3', 'Gutierrez', 'Leslie', 'molestie.orci@vitaediamproin.com', '02 40 81 71 43'),
(899, 'JND95TMJ9KE', '4', 'Golden', 'Jaden', 'in@cumsociis.co.uk', '03 12 47 72 67'),
(900, 'NCP90HVL3NS', '4', 'Carey', 'Maisie', 'vivamus.nibh@tellusphaselluselit.edu', '02 61 49 53 72'),
(901, 'UIN47GQP2CW', '1', 'Hawkins', 'Jason', 'amet.ante@lectusnullamsuscipit.co.uk', '07 68 03 30 46'),
(902, 'MXI83KFB1SN', '1', 'Shepard', 'Ronan', 'sollicitudin@feugiat.co.uk', '08 54 63 68 05'),
(903, 'IKC42MDQ7BY', '2', 'Castro', 'Audra', 'dolor.sit.amet@aenim.org', '02 27 98 77 11'),
(904, 'RME22IJU0QR', '2', 'Horne', 'Dolan', 'iaculis.quis@idmagnaet.org', '08 47 74 91 49'),
(905, 'NLV77AKN3BQ', '3', 'Prince', 'Kimberly', 'nam.nulla@tortor.net', '03 87 84 34 25'),
(906, 'XIA57SDB7KT', '3', 'Goodwin', 'Dana', 'suspendisse.aliquet.sem@crasvehicula.org', '07 67 27 41 78'),
(907, 'FXT78IJN8RT', '4', 'Case', 'Yoshio', 'at.arcu.vestibulum@mollisnec.com', '07 61 30 36 48'),
(908, 'TWV95ORB3KW', '4', 'Serrano', 'Briar', 'duis@proinnonmassa.edu', '06 96 35 18 14'),
(909, 'JBN12UBX0DV', '1', 'Mack', 'Dorothy', 'semper.et@justoeuarcu.edu', '08 67 12 51 37'),
(910, 'OYR40XDB1XG', '1', 'Ross', 'Mariam', 'scelerisque.lorem@sit.org', '07 82 02 11 31'),
(911, 'SBS98GJO7DJ', '2', 'Collier', 'Kasimir', 'euismod.urna@egestasblanditnam.ca', '04 74 86 54 18'),
(912, 'VHB72XRS4UE', '2', 'Chandler', 'Ross', 'integer@enimsed.com', '05 98 19 17 81'),
(913, 'HDM49EHG5UH', '3', 'Frank', 'Karly', 'est.ac.mattis@urnanullamlobortis.edu', '07 43 62 35 25'),
(914, 'WCA45WNZ2HQ', '3', 'Richards', 'Kieran', 'ullamcorper@auctorquis.com', '01 11 52 70 17'),
(915, 'THX63XGF6VG', '4', 'Carroll', 'Sade', 'justo.eu@mattis.org', '03 81 54 82 63'),
(916, 'GEW08ICY2ZW', '4', 'Bowman', 'Gil', 'duis.at@lobortis.co.uk', '04 67 18 40 53'),
(917, 'OIZ74YRG1PS', '1', 'Tyler', 'Gwendolyn', 'non.magna@dapibusquamquis.ca', '08 31 50 74 32'),
(918, 'DWZ13FGF1JD', '1', 'Roman', 'Kuame', 'mi.felis@laoreetlectus.co.uk', '09 68 24 39 44'),
(919, 'DUI23NII4JP', '2', 'Brock', 'Kibo', 'a@arcuimperdiet.co.uk', '02 89 72 98 61'),
(920, 'BEL30MVV0ON', '2', 'Hogan', 'Cheryl', 'mauris.sapien@felisegetvarius.net', '07 21 68 83 74'),
(921, 'RQZ52NEU8HP', '3', 'Bass', 'Martena', 'lorem@purusnullamscelerisque.edu', '06 22 15 46 38'),
(922, 'FMJ47NVG8GW', '3', 'Barton', 'Dai', 'purus.gravida@tincidunt.co.uk', '03 21 48 36 47'),
(923, 'RII51XBM8MH', '4', 'Stokes', 'Clarke', 'volutpat.ornare@donec.com', '04 71 58 18 99'),
(924, 'YXR96QYV4KD', '4', 'Strong', 'Kevyn', 'felis@lorem.com', '09 92 33 15 27'),
(925, 'EEH88IBC6MG', '1', 'Burt', 'Winifred', 'mauris.vel@velitcraslorem.edu', '06 36 81 28 24'),
(926, 'IEE23QVS9EW', '1', 'Berger', 'Martina', 'magnis.dis@massaquisque.edu', '04 87 69 26 28'),
(927, 'IPP27XEI8XN', '2', 'Berg', 'Jessamine', 'cubilia.curae@nasceturridiculusmus.ca', '03 83 47 78 55'),
(928, 'PTN13ZPO7UW', '2', 'Merrill', 'Matthew', 'dui.nec@odionaminterdum.org', '02 47 23 84 96'),
(929, 'USS52ESG2HI', '3', 'Sosa', 'Scarlett', 'vestibulum@molestie.co.uk', '01 57 89 30 19'),
(930, 'MBK06AMD2DC', '3', 'Noble', 'Leilani', 'duis.elementum@miduis.org', '01 68 42 21 64'),
(931, 'MBF40OKU2MW', '4', 'Wilson', 'Xantha', 'varius.et.euismod@enimnon.co.uk', '01 82 14 78 78'),
(932, 'YHK90DLM5OQ', '4', 'Hunt', 'Tatum', 'ut.ipsum@sitametrisus.org', '03 41 32 01 46'),
(933, 'BKP13EOV8HO', '1', 'Vance', 'Dara', 'turpis@egetvarius.net', '05 31 47 55 53'),
(934, 'LIB93YEL2JU', '1', 'Mack', 'Kamal', 'diam.duis.mi@proinvelit.co.uk', '05 87 53 34 51'),
(935, 'WNO22XUH9TM', '2', 'Mack', 'Brynne', 'luctus.sit@egetdictum.net', '06 35 40 02 71'),
(936, 'YQC17LCW9FO', '2', 'Monroe', 'Jessamine', 'sapien@justo.net', '09 42 92 63 61'),
(937, 'XBU23XTD5BN', '3', 'Figueroa', 'Patricia', 'pretium.et@enimgravida.net', '08 83 12 33 03'),
(938, 'DOY88DDM6YU', '3', 'Sampson', 'Pascale', 'tristique@sedsemegestas.edu', '07 47 06 28 54'),
(939, 'JJK03JPD6MI', '4', 'Ortega', 'Kirestin', 'tristique.senectus@eget.net', '02 58 75 81 34'),
(940, 'YLN97ZPV8FW', '4', 'Harmon', 'Amal', 'velit.in@in.com', '09 44 11 35 71'),
(941, 'XPY59DML1CX', '1', 'Rice', 'Jelani', 'nunc.quis@ategestas.edu', '08 79 21 88 87'),
(942, 'JQU71XXO2DT', '1', 'Phelps', 'Ahmed', 'sem.elit@consequat.com', '07 62 49 37 77'),
(943, 'HXG17SJY4SQ', '2', 'Davis', 'Aladdin', 'malesuada.id.erat@accumsansedfacilisis.org', '06 62 14 74 37'),
(944, 'CLM18EVE7IF', '2', 'Slater', 'Amela', 'semper.tellus@sociisnatoque.org', '05 20 20 74 26'),
(945, 'IIH21PMR1IY', '3', 'Nash', 'Patrick', 'in.at@milorem.com', '03 43 24 92 48'),
(946, 'GGU75NEF8EM', '3', 'Bradshaw', 'Nigel', 'id.nunc.interdum@venenatisamagna.ca', '01 31 82 31 14'),
(947, 'XTN87MHQ7BY', '4', 'Odom', 'Dale', 'curabitur.sed.tortor@egestasaliquamfringilla.co.uk', '07 11 12 34 57'),
(948, 'UIO44QAI4HH', '4', 'Hood', 'Malik', 'magna@esttempor.ca', '09 94 30 88 27'),
(949, 'KDM34CWW3FF', '1', 'Gould', 'Edward', 'elit.aliquam.auctor@insodaleselit.net', '06 73 04 54 37'),
(950, 'DGB57TKM9BJ', '1', 'Moran', 'Jonah', 'porttitor@lobortisultrices.net', '04 13 94 16 16'),
(951, 'HGM73XOP5FB', '2', 'Cobb', 'Olga', 'auctor.velit.aliquam@maecenas.net', '02 12 76 50 76'),
(952, 'NHR92VPX9LE', '2', 'Mcgowan', 'Benedict', 'interdum@posuereenimnisl.com', '02 85 87 06 13'),
(953, 'MUX63LMS1EC', '3', 'Hester', 'Erich', 'sit.amet@fermentumconvallis.com', '06 73 41 72 97'),
(954, 'RFO63LPF7DU', '3', 'Hendricks', 'Daria', 'posuere@inatpede.org', '05 22 72 33 41'),
(955, 'KVS42VUR0YV', '4', 'Erickson', 'Geoffrey', 'et.rutrum.eu@et.net', '07 35 97 26 33'),
(956, 'UFP51HGT2ZW', '4', 'Melendez', 'Steven', 'nec.eleifend@risusdonec.ca', '02 33 83 93 33'),
(957, 'JNC53XUM2KB', '1', 'Flowers', 'Piper', 'est.ac@dignissim.net', '06 74 53 81 27'),
(958, 'MUL22OXD2HC', '1', 'Wood', 'Grady', 'orci.adipiscing@curabituregestas.org', '01 44 91 26 31'),
(959, 'CRI40YKH2QZ', '2', 'Mcintosh', 'Shaeleigh', 'arcu.nunc.mauris@dictum.org', '07 54 84 07 19'),
(960, 'IBX88TQE2GT', '2', 'Robles', 'Callum', 'litora.torquent.per@ametconsectetueradipiscing.edu', '08 38 42 81 34'),
(961, 'TQY47EHA6LV', '3', 'Joseph', 'Anika', 'vitae@posuerecubiliacurae.edu', '09 92 16 53 32'),
(962, 'IXI11IKX6UR', '3', 'Harmon', 'Nigel', 'nunc@nuncsedorci.com', '03 36 83 84 14'),
(963, 'QRA81TIC7ZQ', '4', 'Pugh', 'Kennedy', 'faucibus.ut@etnetuset.co.uk', '07 37 17 71 64'),
(964, 'KSL43CRU6OT', '4', 'Savage', 'Jolene', 'cras@ultricesposuere.ca', '01 52 81 89 52'),
(965, 'OCG48MHR5TH', '1', 'Neal', 'Tyler', 'turpis.nulla.aliquet@arcuvestibulum.net', '01 68 85 18 66'),
(966, 'FKM27XXM7NV', '1', 'Bates', 'Herman', 'congue.elit@aliquamfringilla.co.uk', '04 63 37 50 29'),
(967, 'WVL66HQQ8AO', '2', 'Benson', 'Ezekiel', 'auctor.ullamcorper.nisl@etarcu.org', '07 97 15 28 34'),
(968, 'JBS50QKB3HB', '2', 'Barrett', 'Adena', 'sociis.natoque.penatibus@laciniavitaesodales.net', '01 05 93 18 44'),
(969, 'OPC77DKQ9NF', '3', 'Padilla', 'Ignacia', 'feugiat.placerat@risusodio.edu', '03 63 83 74 65'),
(970, 'PKD77DIX8JI', '3', 'Jacobson', 'Jasper', 'suscipit@maurismorbinon.com', '01 64 61 84 25'),
(971, 'ICM46FYC1TP', '4', 'Nelson', 'Kasper', 'nam.interdum@sed.ca', '09 31 32 24 45'),
(972, 'IZH30QSC0DZ', '4', 'Webster', 'Erica', 'dignissim.tempor.arcu@quisturpis.net', '06 56 16 11 46'),
(973, 'SFA06BIN8SZ', '1', 'Raymond', 'Leo', 'vestibulum@afacilisis.org', '02 77 23 66 53'),
(974, 'OIM25GBR2PR', '1', 'Moss', 'Wendy', 'etiam.ligula@sedpede.org', '08 33 41 91 48'),
(975, 'TUV46KTO5VF', '2', 'Robles', 'Flavia', 'ac.mattis.velit@eget.edu', '03 49 89 76 62'),
(976, 'DSQ67BRH1CN', '2', 'Dejesus', 'TaShya', 'consequat.enim@antebibendum.net', '04 34 99 61 81'),
(977, 'GBV45FPW4YT', '3', 'Pate', 'Tanner', 'vulputate.velit@risusquisque.edu', '03 43 54 37 39'),
(978, 'UFC11ZVU4SA', '3', 'Hooper', 'Phillip', 'tristique.senectus.et@enimcurabiturmassa.com', '02 51 37 15 82'),
(979, 'FTA10FSR7YT', '4', 'Bolton', 'Colby', 'curabitur.consequat@magna.net', '04 91 47 98 07'),
(980, 'QGX46XRG9RU', '4', 'Carroll', 'Quin', 'vel@nonmagna.com', '09 87 67 13 88'),
(981, 'XHO77VDF1HI', '1', 'Adkins', 'Patricia', 'in.mi.pede@pellentesqueultricies.edu', '08 68 11 88 45'),
(982, 'ECU86RBV7MI', '1', 'Combs', 'Eugenia', 'id.sapien.cras@urnanullam.net', '05 91 68 47 32'),
(983, 'HSC12WQU5GH', '2', 'Perry', 'Melvin', 'duis.at.lacus@sociisnatoquepenatibus.ca', '07 59 37 87 43'),
(984, 'OOY47QQT8RC', '2', 'Good', 'Sonia', 'cras.dictum@diameudolor.com', '07 53 38 22 36'),
(985, 'QHB00QLT5VQ', '3', 'Lowe', 'Leila', 'elit.pede@tristique.edu', '06 60 36 68 86'),
(986, 'YHE48OBT5CU', '3', 'Sampson', 'Merritt', 'donec@eusem.org', '08 87 21 23 88'),
(987, 'JFS68RGL5ED', '4', 'Orr', 'Bethany', 'et.malesuada.fames@aliquetlobortis.ca', '08 43 66 46 17'),
(988, 'UDC46RFD2CZ', '4', 'Maddox', 'Kessie', 'mi.lorem@cursusdiam.edu', '09 94 68 85 22'),
(989, 'WMO20ZQR1UT', '1', 'O\'neill', 'Kai', 'lobortis.quis@ipsum.org', '02 78 80 46 13'),
(990, 'UOF69HIL6UQ', '1', 'Salas', 'Martin', 'a.malesuada@dictum.org', '08 71 14 97 13'),
(991, 'CAN50FNK2QA', '2', 'Griffin', 'Violet', 'quam.curabitur@aliquamvulputate.edu', '02 22 40 75 63'),
(992, 'XPS67PFW4IT', '2', 'Collins', 'Wanda', 'dui.suspendisse@eu.edu', '03 13 88 95 32'),
(993, 'YMO88LMH8CB', '3', 'Wiggins', 'Jared', 'volutpat@perinceptoshymenaeos.co.uk', '05 46 36 28 40'),
(994, 'BPN67GAE1AF', '3', 'Christensen', 'Risa', 'pellentesque.tellus.sem@elitelit.co.uk', '05 51 10 65 75'),
(995, 'EEX44NIC7YK', '4', 'Sellers', 'Melodie', 'in.cursus@urnanullamlobortis.net', '04 65 93 54 31'),
(996, 'MAX65UXS5UI', '4', 'Jordan', 'Isaac', 'suspendisse.aliquet@etrutrumeu.net', '02 54 52 87 48'),
(997, 'XMW17TCH6XK', '1', 'Bowers', 'Adrian', 'nunc.commodo@pedecum.org', '07 84 35 35 55'),
(998, 'QYA62MBG0RE', '1', 'Garcia', 'Pascale', 'nunc.risus@facilisisloremtristique.edu', '06 23 44 16 71'),
(999, 'YYR63VBU2QO', '2', 'Green', 'Seth', 'quis.pede@lacus.org', '08 63 00 67 37'),
(1000, 'VEN35UCJ3WX', '2', 'Gomez', 'Nola', 'in.magna@augueut.edu', '03 65 63 27 34');

-- --------------------------------------------------------

--
-- Structure de la table `t_passeport_pas`
--

CREATE TABLE `t_passeport_pas` (
  `pas_id` int(11) NOT NULL,
  `pass_id` varchar(20) DEFAULT NULL,
  `pas_mdp` varchar(64) DEFAULT NULL,
  `inv_id` int(11) NOT NULL
) ENGINE=InnoDB DEFAULT CHARSET=utf8;

--
-- Déchargement des données de la table `t_passeport_pas`
--

INSERT INTO `t_passeport_pas` (`pas_id`, `pass_id`, `pas_mdp`, `inv_id`) VALUES
(1, 'Manager_Guims', '75f226e3a671da9be908189b97b89e7ce6534d9643537c0a4f899049aab86029', 1),
(2, 'Attache_press_Guims', '75f226e3a671da9be908189b97b89e7ce6534d9643537c0a4f899049aab86029', 1),
(3, 'Manager_Dadju', '75f226e3a671da9be908189b97b89e7ce6534d9643537c0a4f899049aab86029', 2),
(4, 'Attache_press_Dadju', '75f226e3a671da9be908189b97b89e7ce6534d9643537c0a4f899049aab86029', 2),
(5, 'Manag_MagicS', '75f226e3a671da9be908189b97b89e7ce6534d9643537c0a4f899049aab86029', 3),
(6, 'Attache_press_MS', '75f226e3a671da9be908189b97b89e7ce6534d9643537c0a4f899049aab86029', 3),
(7, 'Manag_ClaudioC', '75f226e3a671da9be908189b97b89e7ce6534d9643537c0a4f899049aab86029', 4),
(8, 'Attache_press_CC', '75f226e3a671da9be908189b97b89e7ce6534d9643537c0a4f899049aab86029', 4),
(9, 'Manager_Twins', '75f226e3a671da9be908189b97b89e7ce6534d9643537c0a4f899049aab86029', 5),
(10, 'Attache_press_Twins', '75f226e3a671da9be908189b97b89e7ce6534d9643537c0a4f899049aab86029', 5);

-- --------------------------------------------------------

--
-- Structure de la table `t_post_pst`
--

CREATE TABLE `t_post_pst` (
  `pst_id` int(11) NOT NULL,
  `pst_mssg` varchar(140) DEFAULT NULL,
  `pas_id` int(11) NOT NULL
) ENGINE=InnoDB DEFAULT CHARSET=utf8;

--
-- Déchargement des données de la table `t_post_pst`
--

INSERT INTO `t_post_pst` (`pst_id`, `pst_mssg`, `pas_id`) VALUES
(31, 'Venez voir Guims sur scène, à l\'ocassion d\'un bal de promo, il sera en live rien que pour vous !', 1),
(32, 'Deux prestations auront lieux, une pendant le concert, et une durant la reception du bal, prenez vite le ticket VIP', 1),
(33, 'Guims sera en plus avec son frère \'le prince Dadju\' un moment unique pour deux grand rappeur pour vous aussi si vous êtes là :)', 1),
(34, 'Après le covid19, notre artiste de retour sur scène pour un bal de fin d\'année, raté pas cette occasion ;)', 2),
(35, 'Venez nous soutenir masivement lors de ce bal de fin d\'année', 2),
(63, 'Venez voir Dadju sur scène, à l\'ocassion d\'un bal de promo, il sera en live rien que pour vous !', 3),
(64, 'Deux prestations auront lieux, une pendant le concert, et une durant la reception du bal, prenez vite le ticket VIP', 3),
(65, 'Dadju sera en plus avec son frère Guims un moment unique pour deux grand rappeur pour vous aussi si vous êtes là :)', 4),
(66, 'Après le covid19, notre artiste de retour sur scène pour un bal de fin d\'année, raté pas cette occasion ;)', 4),
(67, 'Venez nous soutenir masivement lors de ce bal de fin d\'année', 4),
(68, 'Venez voir Magic Système sur scène, à l\'ocassion d\'un bal de promo, il seront en live rien que pour vous !', 5),
(69, 'Deux prestations auront lieux, une pendant le concert, et une durant la reception du bal, prenez vite le ticket VIP', 5),
(70, 'Magic Système au complet un moment unique pour ses zouglouman, pour vous aussi si vous êtes là :)', 5),
(71, 'Après le covid19, nos zouglouman de retour sur scène pour un bal de fin d\'année, raté pas cette occasion ;)', 6),
(72, 'Venez nous soutenir masivement lors de ce bal de fin d\'année', 6),
(73, 'Venez voir Claudio Capéo sur scène, à l\'ocassion d\'un bal de promo, il sera en live rien que pour vous !', 7),
(74, 'Deux prestations auront lieux, une pendant le concert, et une durant la reception du bal, prenez vite le ticket VIP', 7),
(75, 'Claudio Capéo en live un moment unique à partager avec vous ses fans soyez présent', 8),
(76, 'Après le covid19, notre artiste de retour sur scène pour un bal de fin d\'année, raté pas cette occasion ;)', 8),
(77, 'Venez nous soutenir masivement lors de ce bal de fin d\'année', 8),
(78, 'De la danse hip hop comme vous en avez jamais vue, un chaud à la auteur des Twins', 9),
(79, 'Deux prestations auront lieux, une pendant le concert, et une durant la reception du bal, prenez vite le ticket VIP', 9),
(80, 'Ëtre avec vous, pendant ce bal, tout en vous donnant le meilleur d\'eux même, une promesse des Twins', 9),
(81, 'Après le covid19, nos danseurs de retour sur scène pour un bal de fin d\'année, raté pas cette occasion ;)', 10),
(82, 'Venez nous soutenir masivement lors de ce bal de fin d\'année', 10),
(88, 'Les jumeaux pour un chaud extra après le covid, ne les manqué pas !', 10);

-- --------------------------------------------------------

--
-- Structure de la table `t_profil_pfl`
--

CREATE TABLE `t_profil_pfl` (
  `pfl_id` int(11) NOT NULL,
  `pfl_nom` varchar(60) NOT NULL,
  `pfl_prenom` varchar(60) NOT NULL,
  `pfl_email` varchar(60) NOT NULL,
  `pfl_statut` char(1) DEFAULT NULL,
  `pfl_validite` char(1) NOT NULL,
  `pfl_date` date NOT NULL,
  `pfl_date_naissance` date DEFAULT NULL
) ENGINE=InnoDB DEFAULT CHARSET=utf8mb4;

--
-- Déchargement des données de la table `t_profil_pfl`
--

INSERT INTO `t_profil_pfl` (`pfl_id`, `pfl_nom`, `pfl_prenom`, `pfl_email`, `pfl_statut`, `pfl_validite`, `pfl_date`, `pfl_date_naissance`) VALUES
(1, 'DURAND', 'Marcel', 'mdurand@etudiant.univ-brest.fr', 'R', 'A', '2021-10-21', '1990-06-01'),
(2, 'MARC', 'Valérie', 'vmarc@univ-brest.fr', 'A', 'A', '2020-10-11', '1974-05-25'),
(8, 'DUPOND', 'Valentin', 'vd@univ-brest.fr', 'A', 'A', '2020-10-12', NULL),
(10, 'Abdou', 'Berte', 'abdou@berte', 'A', 'A', '2021-10-21', '1997-11-18'),
(11, 'Abdou', 'Berte', 'abdou@berte', 'A', 'A', '2021-10-21', '1997-05-02');

--
-- Déclencheurs `t_profil_pfl`
--
DELIMITER $$
CREATE TRIGGER `mis_jour_date` BEFORE INSERT ON `t_profil_pfl` FOR EACH ROW BEGIN  SET NEW.pfl_date = CURDATE( ); 
END
$$
DELIMITER ;

-- --------------------------------------------------------

--
-- Structure de la table `t_reseau_social_rsl`
--

CREATE TABLE `t_reseau_social_rsl` (
  `rsl_id` int(11) NOT NULL,
  `rsl_nom` varchar(60) DEFAULT NULL,
  `rsl_url` varchar(200) DEFAULT NULL
) ENGINE=InnoDB DEFAULT CHARSET=utf8;

--
-- Déchargement des données de la table `t_reseau_social_rsl`
--

INSERT INTO `t_reseau_social_rsl` (`rsl_id`, `rsl_nom`, `rsl_url`) VALUES
(1, 'Facebook', 'https://www.facebook.com/gims/'),
(2, 'Instagram', 'https://www.instagram.com/gims/'),
(3, 'Facebook', 'https://fr-fr.facebook.com/DADJU'),
(4, 'Instagram', 'https://www.instagram.com/dadju/'),
(5, 'Facebook', 'https://fr-fr.facebook.com/MagicSystemOfficiel'),
(6, 'Instagram', 'https://www.instagram.com/magicsystemofficiel'),
(7, 'Facebook', 'https://fr-fr.facebook.com/claudiocapeo'),
(8, 'Instagram', 'https://www.instagram.com/claudiocapeo'),
(9, 'Facebook', 'https://www.facebook.com/OfficialLesTwins'),
(10, 'Instagram', 'https://www.instagram.com/officiallestwins'),
(11, 'Facebook', 'https://www.facebook.com/ericantoineoff'),
(12, 'Instagram', 'https://www.instagram.com/ericantoineoff');

-- --------------------------------------------------------

--
-- Structure de la table `t_service_ser`
--

CREATE TABLE `t_service_ser` (
  `ser_id` int(11) NOT NULL,
  `ser_nom` varchar(60) DEFAULT NULL,
  `ser_descriptif` varchar(120) DEFAULT NULL,
  `lie_id` int(11) NOT NULL
) ENGINE=InnoDB DEFAULT CHARSET=utf8;

--
-- Déchargement des données de la table `t_service_ser`
--

INSERT INTO `t_service_ser` (`ser_id`, `ser_nom`, `ser_descriptif`, `lie_id`) VALUES
(1, 'Toilette publique', 'Des toilettes publique sont installé en dehors du terrain de foot pour vos besoins', 1),
(2, 'Food Truck', 'Pour cette occasion on a fait appel à une des meilleur food truck du coin (les plats sont tous à base de crêpe hummm)', 1),
(3, 'Sécurité', 'Des gardes sont à l\'entrée en cas d\'emeute de bagarre pour votre sécurité', 1),
(4, 'Infirmérie', 'L\'infirmérie de la faculté sera ouverte pour cette occasion, en cas de mal l\'aise ou aurre....', 1),
(5, 'Distributeur de billets', 'Un distributeur de billet se trouve, derrière la route au cas ou !', 1),
(6, 'Toilette', 'Les toilettes du gysmnase sont à votre disposition pour vos besoins et merci de les gardés propres ;)', 2),
(7, 'Bar', 'Un bar est ouvert tout au long de la reception, allez y vous servir', 2),
(8, 'Sécurité', 'Des gardes seront à l\'entrée pour votre sécurité, en cas de problème, vous pouvez aller les voir', 2),
(9, 'Infirmérie', 'L\'infirmérie de la faculté sera ouverte pour cette occasion, en cas de mal l\'aise ou aurre....', 2);

-- --------------------------------------------------------

--
-- Doublure de structure pour la vue `vue_age`
-- (Voir ci-dessous la vue réelle)
--
CREATE TABLE `vue_age` (
`pfl_prenom` varchar(60)
,`pfl_nom` varchar(60)
,`Age` int(11)
);

-- --------------------------------------------------------

--
-- Structure de la vue `invite`
--
DROP TABLE IF EXISTS `invite`;

CREATE ALGORITHM=UNDEFINED DEFINER=`zberteab0`@`%` SQL SECURITY DEFINER VIEW `invite`  AS  select `t_invite_inv`.`inv_nom` AS `nombre` from `t_invite_inv` ;

-- --------------------------------------------------------

--
-- Structure de la vue `invite_reseau`
--
DROP TABLE IF EXISTS `invite_reseau`;

CREATE ALGORITHM=UNDEFINED DEFINER=`zberteab0`@`%` SQL SECURITY DEFINER VIEW `invite_reseau`  AS  select `t_invite_inv`.`inv_nom` AS `inv_nom`,`t_invite_inv`.`inv_discipline` AS `inv_discipline`,`t_reseau_social_rsl`.`rsl_nom` AS `rsl_nom`,`t_reseau_social_rsl`.`rsl_url` AS `rsl_url` from ((`t_invite_inv` join `tj_inv_rsl` on(`t_invite_inv`.`inv_id` = `tj_inv_rsl`.`inv_id`)) join `t_reseau_social_rsl` on(`tj_inv_rsl`.`rsl_id` = `t_reseau_social_rsl`.`rsl_id`)) ;

-- --------------------------------------------------------

--
-- Structure de la vue `lieu_objet`
--
DROP TABLE IF EXISTS `lieu_objet`;

CREATE ALGORITHM=UNDEFINED DEFINER=`zberteab0`@`%` SQL SECURITY DEFINER VIEW `lieu_objet`  AS  select `t_lieu_lie`.`lie_nom` AS `lie_nom`,`t_objet_trouve_obt`.`obt_nom` AS `obt_nom`,`t_objet_trouve_obt`.`obt_descriptif` AS `obt_descriptif` from (`t_objet_trouve_obt` join `t_lieu_lie` on(`t_objet_trouve_obt`.`lie_id` = `t_lieu_lie`.`lie_id`)) ;

-- --------------------------------------------------------

--
-- Structure de la vue `lieu_service`
--
DROP TABLE IF EXISTS `lieu_service`;

CREATE ALGORITHM=UNDEFINED DEFINER=`zberteab0`@`%` SQL SECURITY DEFINER VIEW `lieu_service`  AS  select `t_lieu_lie`.`lie_nom` AS `lie_nom`,`t_service_ser`.`ser_nom` AS `ser_nom`,`t_service_ser`.`ser_descriptif` AS `ser_descriptif` from (`t_lieu_lie` join `t_service_ser` on(`t_lieu_lie`.`lie_id` = `t_service_ser`.`lie_id`)) ;

-- --------------------------------------------------------

--
-- Structure de la vue `liste_profil`
--
DROP TABLE IF EXISTS `liste_profil`;

CREATE ALGORITHM=UNDEFINED DEFINER=`zberteab0`@`%` SQL SECURITY DEFINER VIEW `liste_profil`  AS  select `t_profil_pfl`.`pfl_nom` AS `NOM`,`t_profil_pfl`.`pfl_prenom` AS `PRENOM` from `t_profil_pfl` ;

-- --------------------------------------------------------

--
-- Structure de la vue `NOM_PRENOM_ORG`
--
DROP TABLE IF EXISTS `NOM_PRENOM_ORG`;

CREATE ALGORITHM=UNDEFINED DEFINER=`zberteab0`@`%` SQL SECURITY DEFINER VIEW `NOM_PRENOM_ORG`  AS  select `t_organisateur_org`.`org_prenom` AS `org_prenom`,`t_organisateur_org`.`org_nom` AS `org_nom` from `t_organisateur_org` ;

-- --------------------------------------------------------

--
-- Structure de la vue `pass_post`
--
DROP TABLE IF EXISTS `pass_post`;

CREATE ALGORITHM=UNDEFINED DEFINER=`zberteab0`@`%` SQL SECURITY DEFINER VIEW `pass_post`  AS  select `t_passeport_pas`.`pass_id` AS `pass_id`,`t_post_pst`.`pst_mssg` AS `pst_mssg` from (`t_passeport_pas` join `t_post_pst` on(`t_passeport_pas`.`pas_id` = `t_post_pst`.`pas_id`)) ;

-- --------------------------------------------------------

--
-- Structure de la vue `t_invit_nbpass`
--
DROP TABLE IF EXISTS `t_invit_nbpass`;

CREATE ALGORITHM=UNDEFINED DEFINER=`zberteab0`@`%` SQL SECURITY DEFINER VIEW `t_invit_nbpass`  AS  select `t_invite_inv`.`inv_nom` AS `inv_nom`,count(`t_passeport_pas`.`pass_id`) AS `count(pass_id)` from (`t_invite_inv` join `t_passeport_pas` on(`t_invite_inv`.`inv_id` = `t_passeport_pas`.`inv_id`)) group by `t_invite_inv`.`inv_nom` ;

-- --------------------------------------------------------

--
-- Structure de la vue `vue_age`
--
DROP TABLE IF EXISTS `vue_age`;

CREATE ALGORITHM=UNDEFINED DEFINER=`zberteab0`@`%` SQL SECURITY DEFINER VIEW `vue_age`  AS  select `t_profil_pfl`.`pfl_prenom` AS `pfl_prenom`,`t_profil_pfl`.`pfl_nom` AS `pfl_nom`,`perso_age`(`t_profil_pfl`.`pfl_date_naissance`) AS `Age` from `t_profil_pfl` ;

--
-- Index pour les tables déchargées
--

--
-- Index pour la table `tj_inv_ani`
--
ALTER TABLE `tj_inv_ani`
  ADD PRIMARY KEY (`inv_id`,`ani_id`),
  ADD KEY `fk_Invite_has_Animation_Animation1_idx` (`ani_id`),
  ADD KEY `fk_Invite_has_Animation_Invite1_idx` (`inv_id`);

--
-- Index pour la table `tj_inv_rsl`
--
ALTER TABLE `tj_inv_rsl`
  ADD PRIMARY KEY (`inv_id`,`rsl_id`),
  ADD KEY `fk_Invite_has_Reseau Social_Reseau Social1_idx` (`rsl_id`),
  ADD KEY `fk_Invite_has_Reseau Social_Invite1_idx` (`inv_id`);

--
-- Index pour la table `t_actualite_act`
--
ALTER TABLE `t_actualite_act`
  ADD PRIMARY KEY (`act_id`),
  ADD KEY `fk_Actualite_Organisateur1_idx` (`org_id`);

--
-- Index pour la table `t_animation_ani`
--
ALTER TABLE `t_animation_ani`
  ADD PRIMARY KEY (`ani_id`),
  ADD KEY `fk_Animation_Lieu1_idx` (`lie_id`);

--
-- Index pour la table `t_compte_cpt`
--
ALTER TABLE `t_compte_cpt`
  ADD PRIMARY KEY (`cpt_login`);

--
-- Index pour la table `t_compte_cptabd`
--
ALTER TABLE `t_compte_cptabd`
  ADD PRIMARY KEY (`pfl_id`);

--
-- Index pour la table `t_invite_inv`
--
ALTER TABLE `t_invite_inv`
  ADD PRIMARY KEY (`inv_id`),
  ADD UNIQUE KEY `Compte_login_UNIQUE` (`cpt_login`),
  ADD KEY `fk_Invite_Compte1_idx` (`cpt_login`);

--
-- Index pour la table `t_lieu_lie`
--
ALTER TABLE `t_lieu_lie`
  ADD PRIMARY KEY (`lie_id`);

--
-- Index pour la table `t_objet_trouve_obt`
--
ALTER TABLE `t_objet_trouve_obt`
  ADD PRIMARY KEY (`obt_id`),
  ADD KEY `fk_Objet Trouve_Lieu1_idx` (`lie_id`),
  ADD KEY `fk_Objet Trouve_Participant1_idx` (`par_id`);

--
-- Index pour la table `t_organisateur_org`
--
ALTER TABLE `t_organisateur_org`
  ADD PRIMARY KEY (`org_id`),
  ADD UNIQUE KEY `Compte_login_UNIQUE` (`cpt_login`),
  ADD KEY `fk_Organisateur_Compte_idx` (`cpt_login`);

--
-- Index pour la table `t_participant_par`
--
ALTER TABLE `t_participant_par`
  ADD PRIMARY KEY (`par_id`);

--
-- Index pour la table `t_passeport_pas`
--
ALTER TABLE `t_passeport_pas`
  ADD PRIMARY KEY (`pas_id`),
  ADD KEY `fk_Passeport_Invite1_idx` (`inv_id`);

--
-- Index pour la table `t_post_pst`
--
ALTER TABLE `t_post_pst`
  ADD PRIMARY KEY (`pst_id`),
  ADD KEY `fk_t_post_pst_t_passeport_pas1_idx` (`pas_id`);

--
-- Index pour la table `t_profil_pfl`
--
ALTER TABLE `t_profil_pfl`
  ADD PRIMARY KEY (`pfl_id`);

--
-- Index pour la table `t_reseau_social_rsl`
--
ALTER TABLE `t_reseau_social_rsl`
  ADD PRIMARY KEY (`rsl_id`);

--
-- Index pour la table `t_service_ser`
--
ALTER TABLE `t_service_ser`
  ADD PRIMARY KEY (`ser_id`),
  ADD KEY `fk_Service_Lieu1_idx` (`lie_id`);

--
-- AUTO_INCREMENT pour les tables déchargées
--

--
-- AUTO_INCREMENT pour la table `t_actualite_act`
--
ALTER TABLE `t_actualite_act`
  MODIFY `act_id` int(11) NOT NULL AUTO_INCREMENT, AUTO_INCREMENT=29;

--
-- AUTO_INCREMENT pour la table `t_animation_ani`
--
ALTER TABLE `t_animation_ani`
  MODIFY `ani_id` int(11) NOT NULL AUTO_INCREMENT, AUTO_INCREMENT=6;

--
-- AUTO_INCREMENT pour la table `t_invite_inv`
--
ALTER TABLE `t_invite_inv`
  MODIFY `inv_id` int(11) NOT NULL AUTO_INCREMENT, AUTO_INCREMENT=8;

--
-- AUTO_INCREMENT pour la table `t_lieu_lie`
--
ALTER TABLE `t_lieu_lie`
  MODIFY `lie_id` int(11) NOT NULL AUTO_INCREMENT, AUTO_INCREMENT=4;

--
-- AUTO_INCREMENT pour la table `t_objet_trouve_obt`
--
ALTER TABLE `t_objet_trouve_obt`
  MODIFY `obt_id` int(11) NOT NULL AUTO_INCREMENT, AUTO_INCREMENT=9;

--
-- AUTO_INCREMENT pour la table `t_passeport_pas`
--
ALTER TABLE `t_passeport_pas`
  MODIFY `pas_id` int(11) NOT NULL AUTO_INCREMENT, AUTO_INCREMENT=13;

--
-- AUTO_INCREMENT pour la table `t_post_pst`
--
ALTER TABLE `t_post_pst`
  MODIFY `pst_id` int(11) NOT NULL AUTO_INCREMENT, AUTO_INCREMENT=89;

--
-- AUTO_INCREMENT pour la table `t_profil_pfl`
--
ALTER TABLE `t_profil_pfl`
  MODIFY `pfl_id` int(11) NOT NULL AUTO_INCREMENT, AUTO_INCREMENT=12;

--
-- AUTO_INCREMENT pour la table `t_reseau_social_rsl`
--
ALTER TABLE `t_reseau_social_rsl`
  MODIFY `rsl_id` int(11) NOT NULL AUTO_INCREMENT, AUTO_INCREMENT=13;

--
-- AUTO_INCREMENT pour la table `t_service_ser`
--
ALTER TABLE `t_service_ser`
  MODIFY `ser_id` int(11) NOT NULL AUTO_INCREMENT, AUTO_INCREMENT=10;

--
-- Contraintes pour les tables déchargées
--

--
-- Contraintes pour la table `tj_inv_ani`
--
ALTER TABLE `tj_inv_ani`
  ADD CONSTRAINT `fk_Invite_has_Animation_Animation1` FOREIGN KEY (`ani_id`) REFERENCES `t_animation_ani` (`ani_id`) ON DELETE NO ACTION ON UPDATE NO ACTION,
  ADD CONSTRAINT `fk_Invite_has_Animation_Invite1` FOREIGN KEY (`inv_id`) REFERENCES `t_invite_inv` (`inv_id`) ON DELETE NO ACTION ON UPDATE NO ACTION;

--
-- Contraintes pour la table `tj_inv_rsl`
--
ALTER TABLE `tj_inv_rsl`
  ADD CONSTRAINT `fk_Invite_has_Reseau Social_Invite1` FOREIGN KEY (`inv_id`) REFERENCES `t_invite_inv` (`inv_id`) ON DELETE NO ACTION ON UPDATE NO ACTION,
  ADD CONSTRAINT `fk_Invite_has_Reseau Social_Reseau Social1` FOREIGN KEY (`rsl_id`) REFERENCES `t_reseau_social_rsl` (`rsl_id`) ON DELETE NO ACTION ON UPDATE NO ACTION;

--
-- Contraintes pour la table `t_actualite_act`
--
ALTER TABLE `t_actualite_act`
  ADD CONSTRAINT `fk_Actualite_Organisateur1` FOREIGN KEY (`org_id`) REFERENCES `t_organisateur_org` (`org_id`) ON DELETE NO ACTION ON UPDATE NO ACTION;

--
-- Contraintes pour la table `t_animation_ani`
--
ALTER TABLE `t_animation_ani`
  ADD CONSTRAINT `fk_Animation_Lieu1` FOREIGN KEY (`lie_id`) REFERENCES `t_lieu_lie` (`lie_id`) ON DELETE NO ACTION ON UPDATE NO ACTION;

--
-- Contraintes pour la table `t_compte_cptabd`
--
ALTER TABLE `t_compte_cptabd`
  ADD CONSTRAINT `pfl_cpt_FK` FOREIGN KEY (`pfl_id`) REFERENCES `t_profil_pfl` (`pfl_id`);

--
-- Contraintes pour la table `t_invite_inv`
--
ALTER TABLE `t_invite_inv`
  ADD CONSTRAINT `fk_Invite_Compte1` FOREIGN KEY (`cpt_login`) REFERENCES `t_compte_cpt` (`cpt_login`) ON DELETE NO ACTION ON UPDATE NO ACTION;

--
-- Contraintes pour la table `t_objet_trouve_obt`
--
ALTER TABLE `t_objet_trouve_obt`
  ADD CONSTRAINT `fk_Objet Trouve_Lieu1` FOREIGN KEY (`lie_id`) REFERENCES `t_lieu_lie` (`lie_id`) ON DELETE NO ACTION ON UPDATE NO ACTION,
  ADD CONSTRAINT `fk_Objet Trouve_Participant1` FOREIGN KEY (`par_id`) REFERENCES `t_participant_par` (`par_id`) ON DELETE NO ACTION ON UPDATE NO ACTION;

--
-- Contraintes pour la table `t_organisateur_org`
--
ALTER TABLE `t_organisateur_org`
  ADD CONSTRAINT `fk_Organisateur_Compte` FOREIGN KEY (`cpt_login`) REFERENCES `t_compte_cpt` (`cpt_login`) ON DELETE NO ACTION ON UPDATE NO ACTION;

--
-- Contraintes pour la table `t_passeport_pas`
--
ALTER TABLE `t_passeport_pas`
  ADD CONSTRAINT `fk_Passeport_Invite1` FOREIGN KEY (`inv_id`) REFERENCES `t_invite_inv` (`inv_id`) ON DELETE NO ACTION ON UPDATE NO ACTION;

--
-- Contraintes pour la table `t_post_pst`
--
ALTER TABLE `t_post_pst`
  ADD CONSTRAINT `fk_t_post_pst_t_passeport_pas1` FOREIGN KEY (`pas_id`) REFERENCES `t_passeport_pas` (`pas_id`) ON DELETE NO ACTION ON UPDATE NO ACTION;

--
-- Contraintes pour la table `t_service_ser`
--
ALTER TABLE `t_service_ser`
  ADD CONSTRAINT `fk_Service_Lieu1` FOREIGN KEY (`lie_id`) REFERENCES `t_lieu_lie` (`lie_id`) ON DELETE NO ACTION ON UPDATE NO ACTION;
COMMIT;

/*!40101 SET CHARACTER_SET_CLIENT=@OLD_CHARACTER_SET_CLIENT */;
/*!40101 SET CHARACTER_SET_RESULTS=@OLD_CHARACTER_SET_RESULTS */;
/*!40101 SET COLLATION_CONNECTION=@OLD_COLLATION_CONNECTION */;
